date,value,type
0,1.000,0
1,0.946,0
2,0.262,0
3,0.413,0
4,0.926,0
0,0.131,2
1,1.000,2
0,0.000,3
1,0.000,3
2,0.000,3
3,0.000,3
4,0.000,3
5,0.000,3
6,0.000,3
7,0.000,3
8,0.000,3
9,0.000,3
10,0.000,3
11,0.000,3
12,0.000,3
13,0.512,3
14,0.665,3
15,1.000,3
16,0.456,3
17,0.474,3
18,0.665,3
19,0.563,3
20,0.372,3
21,0.581,3
22,0.340,3
23,0.326,3
0,0.516,6
1,0.066,6
2,0.088,6
3,0.099,6
4,0.132,6
5,1.000,6
0,0.000,7
1,0.000,7
2,0.000,7
3,0.000,7
4,1.000,7
0,0.028,9
1,0.099,9
2,1.000,9
3,0.305,9
4,0.231,9
5,0.180,9
6,0.184,9
7,0.148,9
8,0.161,9
9,0.155,9
10,0.164,9
11,0.153,9
12,0.212,9
13,0.140,9
14,0.137,9
15,0.077,9
16,0.077,9
17,0.059,9
0,0.000,11
1,1.000,11
2,0.269,11
3,0.125,11
4,0.303,11
5,0.140,11
6,0.250,11
7,0.136,11
8,0.208,11
9,0.223,11
10,0.261,11
11,0.231,11
12,0.284,11
13,0.212,11
14,0.246,11
15,0.280,11
16,0.208,11
17,0.205,11
18,0.148,11
19,0.174,11
20,0.163,11
21,0.182,11
22,0.223,11
23,0.125,11
0,1.000,12
1,0.750,12
0,0.196,13
1,1.000,13
0,0.140,16
1,1.000,16
0,0.644,17
1,1.000,17
2,0.652,17
3,0.407,17
4,0.407,17
5,0.430,17
6,0.400,17
7,0.304,17
8,0.178,17
9,0.393,17
10,0.326,17
11,0.341,17
12,0.400,17
13,0.333,17
14,0.281,17
15,0.289,17
16,0.341,17
17,0.252,17
18,0.259,17
19,0.230,17
20,0.148,17
21,0.200,17
22,0.207,17
23,0.230,17
0,0.000,19
1,0.263,19
2,1.000,19
3,0.394,19
4,0.576,19
5,0.626,19
6,0.697,19
7,0.323,19
8,0.374,19
9,0.394,19
10,0.414,19
11,0.616,19
12,0.333,19
13,0.394,19
14,0.576,19
15,0.374,19
16,0.283,19
17,0.384,19
18,0.232,19
19,0.152,19
20,0.434,19
21,0.333,19
22,0.384,19
23,0.273,19
0,1.000,20
1,0.339,20
0,0.162,22
1,1.000,22
0,1.000,23
1,0.514,23
2,0.871,23
3,0.457,23
4,0.586,23
5,0.357,23
6,0.714,23
7,0.657,23
8,0.357,23
9,0.471,23
10,0.443,23
11,0.471,23
12,0.586,23
13,0.414,23
14,0.729,23
15,0.700,23
16,0.514,23
17,0.400,23
18,0.414,23
19,0.457,23
20,0.443,23
21,0.471,23
22,0.357,23
23,0.586,23
0,0.343,25
1,0.200,25
2,0.086,25
3,0.029,25
4,0.029,25
5,0.000,25
6,0.229,25
7,0.343,25
8,0.314,25
9,0.457,25
10,0.400,25
11,0.371,25
12,0.457,25
13,0.114,25
14,0.000,25
15,0.000,25
16,0.000,25
17,0.000,25
18,0.057,25
19,0.029,25
20,0.171,25
21,0.057,25
22,1.000,25
0,0.200,26
1,0.343,26
2,0.600,26
3,0.814,26
4,1.000,26
5,0.814,26
6,0.914,26
7,0.714,26
8,0.429,26
9,0.586,26
10,0.586,26
11,0.371,26
12,0.471,26
13,0.400,26
14,0.314,26
15,0.429,26
16,0.329,26
17,0.300,26
18,0.457,26
19,0.371,26
20,0.400,26
21,0.471,26
22,0.486,26
23,0.543,26
0,0.000,27
1,1.000,27
0,0.543,28
1,1.000,28
2,0.806,28
3,0.440,28
4,0.457,28
5,0.903,28
6,0.549,28
7,0.257,28
8,0.389,28
9,0.326,28
10,0.269,28
11,0.137,28
12,0.206,28
13,0.160,28
14,0.109,28
15,0.143,28
16,0.137,28
17,0.131,28
18,0.103,28
19,0.109,28
20,0.211,28
21,0.177,28
22,0.217,28
23,0.246,28
0,0.000,29
1,0.000,29
2,0.000,29
3,0.000,29
4,0.000,29
5,0.000,29
6,0.000,29
7,0.000,29
8,0.000,29
9,0.000,29
10,0.000,29
11,0.000,29
12,0.000,29
13,0.000,29
14,0.000,29
15,0.000,29
16,0.444,29
17,1.000,29
18,0.083,29
19,0.139,29
20,0.333,29
21,0.194,29
22,0.222,29
23,0.278,29
0,1.000,30
1,0.600,30
0,0.121,32
1,0.303,32
2,0.212,32
3,0.394,32
4,0.152,32
5,1.000,32
0,0.444,33
1,0.378,33
2,0.333,33
3,0.133,33
4,0.133,33
5,0.289,33
6,0.289,33
7,0.867,33
8,0.489,33
9,0.600,33
10,0.467,33
11,0.600,33
12,0.778,33
13,0.489,33
14,0.600,33
15,0.622,33
16,0.711,33
17,0.600,33
18,0.556,33
19,0.756,33
20,0.511,33
21,1.000,33
22,0.578,33
23,0.600,33
0,0.172,34
1,1.000,34
0,0.000,35
1,0.000,35
2,0.000,35
3,0.000,35
4,0.000,35
5,0.000,35
6,0.000,35
7,0.000,35
8,0.000,35
9,0.000,35
10,0.000,35
11,0.000,35
12,0.000,35
13,0.000,35
14,0.000,35
15,0.000,35
16,0.000,35
17,1.000,35
18,0.238,35
19,0.690,35
20,0.381,35
21,0.952,35
22,0.524,35
23,0.214,35
0,1.000,38
1,0.667,38
0,0.612,40
1,0.835,40
2,0.843,40
3,0.686,40
4,0.752,40
5,0.364,40
6,0.289,40
7,0.174,40
8,0.157,40
9,0.298,40
10,0.281,40
11,0.388,40
12,0.587,40
13,0.587,40
14,0.438,40
15,0.636,40
16,1.000,40
17,0.488,40
18,0.347,40
19,0.198,40
20,0.157,40
21,0.240,40
22,0.281,40
23,0.223,40
0,0.000,41
1,0.000,41
2,0.000,41
3,0.022,41
4,0.191,41
5,1.000,41
6,0.144,41
7,0.084,41
8,0.061,41
9,0.047,41
10,0.026,41
11,0.024,41
12,0.022,41
13,0.021,41
14,0.021,41
0,0.069,42
1,1.000,42
0,0.000,44
1,0.000,44
2,0.000,44
3,0.779,44
4,0.326,44
5,1.000,44
6,0.558,44
7,0.314,44
8,0.209,44
9,0.174,44
10,0.256,44
11,0.244,44
12,0.279,44
13,0.093,44
14,0.081,44
15,0.233,44
16,0.233,44
17,0.128,44
18,0.093,44
19,0.081,44
20,0.151,44
21,0.116,44
22,0.105,44
23,0.256,44
0,1.000,45
1,0.676,45
0,1.000,46
1,0.825,46
2,0.600,46
3,0.725,46
4,0.450,46
5,0.575,46
6,0.450,46
7,0.850,46
8,0.600,46
9,0.400,46
10,0.300,46
11,0.425,46
12,0.550,46
13,0.500,46
14,0.450,46
15,0.475,46
16,0.525,46
17,0.400,46
18,0.250,46
19,0.400,46
20,0.275,46
21,0.200,46
22,0.375,46
23,0.200,46
0,1.000,49
1,0.880,49
0,1.000,50
1,0.385,50
0,0.960,51
1,1.000,51
2,0.480,51
3,0.740,51
4,0.660,51
5,0.460,51
6,0.620,51
7,0.420,51
0,0.000,55
1,0.000,55
2,0.000,55
3,0.000,55
4,0.154,55
5,0.410,55
6,0.205,55
7,0.077,55
8,0.154,55
9,0.308,55
10,0.308,55
11,0.359,55
12,0.154,55
13,0.205,55
14,0.231,55
15,1.000,55
16,0.436,55
17,0.308,55
18,0.487,55
19,0.308,55
20,0.744,55
21,0.205,55
22,0.385,55
23,0.359,55
0,0.594,58
1,1.000,58
2,0.734,58
3,0.438,58
4,0.313,58
0,0.000,63
1,0.000,63
2,0.030,63
3,1.000,63
4,0.086,63
5,0.060,63
6,0.047,63
7,0.047,63
8,0.017,63
9,0.035,63
10,0.023,63
11,0.110,63
12,0.239,63
13,0.134,63
14,0.091,63
15,0.201,63
16,0.048,63
17,0.047,63
18,0.128,63
19,0.133,63
20,0.077,63
21,0.107,63
22,0.097,63
23,0.122,63
0,0.533,66
1,0.267,66
2,0.500,66
3,1.000,66
4,0.600,66
5,0.133,66
6,0.000,66
7,0.000,66
8,0.667,66
0,0.000,68
1,0.000,68
2,0.000,68
3,0.000,68
4,0.000,68
5,0.000,68
6,0.000,68
7,0.000,68
8,0.000,68
9,0.000,68
10,0.000,68
11,0.000,68
12,0.520,68
13,0.860,68
14,1.000,68
15,0.500,68
16,0.240,68
17,0.400,68
18,0.480,68
19,0.400,68
20,0.800,68
21,0.280,68
22,0.400,68
23,0.420,68
0,0.324,69
1,0.559,69
2,0.574,69
3,0.324,69
4,0.353,69
5,0.265,69
6,0.382,69
7,0.294,69
8,0.162,69
9,0.250,69
10,0.294,69
11,0.324,69
12,0.206,69
13,0.382,69
14,0.309,69
15,0.956,69
16,1.000,69
17,0.279,69
18,0.250,69
19,0.603,69
20,0.221,69
21,0.176,69
22,0.235,69
23,0.176,69
0,0.000,70
1,0.000,70
2,0.000,70
3,0.148,70
4,0.241,70
5,0.028,70
6,0.037,70
7,0.037,70
8,0.019,70
9,0.102,70
10,1.000,70
11,0.574,70
12,0.389,70
13,0.120,70
14,0.111,70
15,0.083,70
16,0.296,70
17,0.037,70
18,0.111,70
19,0.028,70
20,0.102,70
21,0.074,70
22,0.046,70
23,0.444,70
0,0.000,73
1,0.000,73
2,0.000,73
3,0.533,73
4,1.000,73
5,0.917,73
6,0.650,73
7,0.617,73
8,0.683,73
9,0.783,73
10,0.467,73
11,0.683,73
12,0.367,73
13,0.517,73
14,0.633,73
15,0.550,73
16,0.900,73
17,0.650,73
18,0.567,73
19,0.650,73
20,0.717,73
21,0.750,73
22,0.633,73
23,0.783,73
0,1.000,75
1,0.772,75
2,0.528,75
3,0.483,75
4,0.433,75
5,0.422,75
6,0.589,75
7,0.272,75
8,0.200,75
9,0.256,75
10,0.244,75
11,0.139,75
12,0.206,75
13,0.189,75
14,0.194,75
15,0.200,75
16,0.128,75
17,0.178,75
18,0.172,75
19,0.133,75
20,0.122,75
21,0.133,75
22,0.156,75
23,0.094,75
0,1.000,76
1,0.259,76
0,0.000,77
1,0.000,77
2,0.043,77
3,0.110,77
4,0.079,77
5,1.000,77
6,0.198,77
7,0.146,77
8,0.055,77
9,0.098,77
10,0.134,77
11,0.082,77
12,0.128,77
13,0.207,77
14,0.189,77
15,0.104,77
16,0.067,77
17,0.095,77
18,0.091,77
19,0.137,77
20,0.061,77
21,0.149,77
22,0.229,77
23,0.155,77
0,1.000,82
1,0.412,82
2,0.353,82
3,0.353,82
4,0.294,82
0,0.723,84
1,0.723,84
2,0.800,84
3,0.769,84
4,0.569,84
5,0.231,84
6,0.538,84
7,0.708,84
8,0.385,84
9,0.523,84
10,0.585,84
11,0.938,84
12,0.569,84
13,0.677,84
14,1.000,84
15,0.569,84
16,0.292,84
17,0.246,84
18,0.492,84
19,0.446,84
20,0.446,84
21,0.277,84
22,0.323,84
23,0.369,84
0,0.000,86
1,0.000,86
2,0.000,86
3,0.960,86
4,0.760,86
5,0.320,86
6,0.400,86
7,0.280,86
8,0.400,86
9,0.720,86
10,1.000,86
11,0.760,86
12,0.600,86
0,0.551,88
1,0.443,88
2,0.341,88
3,0.246,88
4,0.353,88
5,0.455,88
6,0.455,88
7,0.365,88
8,0.263,88
9,0.389,88
10,0.383,88
11,0.365,88
12,0.174,88
13,1.000,88
14,0.198,88
15,0.072,88
16,0.078,88
17,0.084,88
18,0.102,88
19,0.096,88
20,0.036,88
21,0.126,88
22,0.174,88
23,0.126,88
0,0.000,90
1,0.000,90
2,0.000,90
3,0.000,90
4,0.000,90
5,0.000,90
6,0.000,90
7,0.000,90
8,0.000,90
9,0.000,90
10,0.000,90
11,0.000,90
12,0.000,90
13,0.000,90
14,0.000,90
15,0.728,90
16,0.696,90
17,0.804,90
18,1.000,90
19,0.391,90
20,0.239,90
21,0.130,90
22,0.598,90
23,0.804,90
0,0.500,94
1,1.000,94
2,0.354,94
3,0.375,94
4,0.479,94
5,0.396,94
6,0.313,94
7,0.458,94
8,0.375,94
9,0.250,94
10,0.146,94
11,0.604,94
12,0.500,94
13,0.750,94
14,0.354,94
15,0.417,94
16,0.604,94
17,0.375,94
18,0.271,94
19,0.563,94
20,0.146,94
21,0.167,94
22,0.021,94
23,0.063,94
0,0.000,96
1,0.000,96
2,0.000,96
3,1.000,96
4,0.531,96
5,0.313,96
6,0.094,96
7,0.125,96
8,0.234,96
9,0.250,96
10,0.219,96
11,0.219,96
12,0.266,96
13,0.156,96
14,0.141,96
15,0.156,96
16,0.109,96
17,0.172,96
18,0.281,96
19,0.109,96
20,0.172,96
21,0.109,96
22,0.094,96
23,0.156,96
0,0.000,97
1,0.000,97
2,0.000,97
3,0.000,97
4,0.000,97
5,0.000,97
6,0.000,97
7,0.000,97
8,0.000,97
9,0.000,97
10,0.000,97
11,0.000,97
12,0.000,97
13,0.000,97
14,0.000,97
15,0.000,97
16,0.000,97
17,0.000,97
18,0.270,97
19,1.000,97
20,0.297,97
21,0.919,97
22,0.189,97
23,0.270,97
0,0.000,102
1,0.000,102
2,0.257,102
3,0.543,102
4,1.000,102
5,0.543,102
6,0.571,102
7,0.543,102
8,0.600,102
9,0.400,102
10,0.429,102
11,0.400,102
12,0.286,102
13,0.486,102
14,0.314,102
15,0.400,102
16,0.371,102
17,0.200,102
18,0.171,102
19,0.257,102
20,0.200,102
21,0.057,102
22,0.229,102
23,0.229,102
0,0.000,105
1,0.000,105
2,0.000,105
3,0.000,105
4,0.000,105
5,0.000,105
6,0.000,105
7,0.000,105
8,0.000,105
9,0.000,105
10,0.000,105
11,0.000,105
12,0.792,105
13,0.569,105
14,0.722,105
15,0.625,105
16,0.778,105
17,0.736,105
18,0.681,105
19,0.556,105
20,0.583,105
21,0.972,105
22,0.639,105
23,1.000,105
0,0.000,109
1,0.000,109
2,0.000,109
3,0.000,109
4,0.000,109
5,0.000,109
6,0.000,109
7,0.000,109
8,0.000,109
9,0.000,109
10,0.000,109
11,0.000,109
12,0.000,109
13,0.000,109
14,0.000,109
15,0.000,109
16,0.000,109
17,0.000,109
18,0.238,109
19,1.000,109
20,0.619,109
21,0.714,109
22,0.524,109
23,0.667,109
0,0.000,111
1,0.000,111
2,0.000,111
3,0.000,111
4,0.000,111
5,0.000,111
6,0.000,111
7,0.000,111
8,0.000,111
9,0.000,111
10,0.000,111
11,0.000,111
12,0.000,111
13,0.000,111
14,0.000,111
15,0.775,111
16,1.000,111
17,0.675,111
18,0.450,111
19,0.400,111
20,0.400,111
21,0.375,111
22,0.475,111
23,0.700,111
0,0.000,112
1,0.000,112
2,0.000,112
3,0.000,112
4,0.000,112
5,0.000,112
6,0.000,112
7,0.000,112
8,0.000,112
9,0.000,112
10,0.000,112
11,0.000,112
12,0.000,112
13,0.000,112
14,0.000,112
15,0.000,112
16,0.000,112
17,0.000,112
18,0.241,112
19,1.000,112
20,0.538,112
21,0.135,112
22,0.056,112
23,0.023,112
0,0.231,113
1,0.346,113
2,0.308,113
3,0.308,113
4,0.538,113
5,0.385,113
6,0.346,113
7,0.385,113
8,0.269,113
9,0.154,113
10,1.000,113
11,0.423,113
12,0.423,113
0,0.241,116
1,0.172,116
2,1.000,116
3,0.414,116
0,0.000,117
1,0.000,117
2,0.000,117
3,0.000,117
4,0.000,117
5,0.000,117
6,0.000,117
7,0.000,117
8,0.000,117
9,0.000,117
10,0.000,117
11,0.000,117
12,0.000,117
13,0.000,117
14,0.000,117
15,0.000,117
16,0.000,117
17,0.000,117
18,1.000,117
19,0.646,117
20,0.813,117
21,0.542,117
22,0.625,117
23,0.625,117
0,0.000,118
1,0.000,118
2,0.000,118
3,0.000,118
4,0.000,118
5,0.000,118
6,0.000,118
7,0.000,118
8,0.000,118
9,0.000,118
10,0.864,118
11,0.659,118
12,1.000,118
13,0.977,118
14,0.727,118
15,0.682,118
16,0.614,118
17,0.500,118
18,0.886,118
19,0.636,118
20,0.614,118
21,0.750,118
22,0.477,118
23,0.318,118
0,1.000,124
1,0.587,124
2,0.280,124
3,0.240,124
4,0.093,124
5,0.453,124
6,0.800,124
7,0.387,124
8,0.813,124
9,0.693,124
10,0.160,124
11,0.187,124
12,0.120,124
13,0.173,124
14,0.227,124
15,0.267,124
16,0.107,124
17,0.107,124
18,0.053,124
19,0.147,124
20,0.093,124
21,0.227,124
22,0.120,124
0,1.000,126
1,0.524,126
2,0.728,126
3,0.621,126
4,0.447,126
5,0.417,126
6,0.417,126
7,0.466,126
8,0.563,126
9,0.408,126
10,0.524,126
11,0.495,126
12,0.272,126
13,0.058,126
14,0.136,126
15,0.078,126
16,0.068,126
17,0.097,126
18,0.068,126
19,0.058,126
20,0.039,126
21,0.029,126
22,0.087,126
23,0.058,126
0,0.168,127
1,1.000,127
2,0.182,127
3,0.112,127
4,0.084,127
5,0.063,127
6,0.035,127
7,0.077,127
8,0.049,127
9,0.028,127
10,0.014,127
11,0.014,127
12,0.007,127
13,0.014,127
14,0.042,127
15,0.007,127
16,0.000,127
17,0.000,127
18,0.000,127
19,0.007,127
20,0.021,127
21,0.014,127
22,0.000,127
23,0.000,127
0,0.274,128
1,1.000,128
2,0.137,128
0,1.000,129
1,1.000,129
2,1.000,129
3,0.882,129
4,0.828,129
5,0.759,129
6,0.857,129
7,0.626,129
8,0.330,129
9,0.236,129
10,0.167,129
11,0.153,129
12,0.315,129
13,0.222,129
14,0.172,129
15,0.118,129
16,0.153,129
17,0.089,129
18,0.153,129
19,0.103,129
20,0.133,129
21,0.118,129
22,0.089,129
23,0.084,129
0,1.000,130
1,0.848,130
2,0.739,130
3,0.348,130
4,0.239,130
5,0.174,130
6,0.217,130
7,0.196,130
8,0.130,130
9,0.413,130
10,0.326,130
11,0.217,130
12,0.152,130
13,0.304,130
14,0.174,130
15,0.261,130
16,0.109,130
17,0.174,130
18,0.239,130
19,0.109,130
20,0.196,130
21,0.109,130
22,0.109,130
23,0.196,130
0,0.829,131
1,0.929,131
2,0.957,131
3,1.000,131
4,0.629,131
5,0.700,131
6,0.371,131
7,0.414,131
8,0.586,131
9,0.671,131
10,0.429,131
11,0.557,131
12,0.429,131
13,0.271,131
14,0.114,131
15,0.429,131
16,0.143,131
17,0.114,131
18,0.200,131
19,0.114,131
20,0.086,131
21,0.071,131
22,0.071,131
23,0.114,131
0,0.542,133
1,1.000,133
2,0.375,133
3,0.083,133
4,0.042,133
5,0.208,133
6,0.083,133
7,0.396,133
8,0.104,133
9,0.042,133
10,0.042,133
11,0.042,133
12,0.417,133
13,0.167,133
14,0.104,133
15,0.146,133
0,0.421,134
1,1.000,134
2,0.129,134
3,0.070,134
4,0.099,134
5,0.094,134
6,0.023,134
7,0.018,134
8,0.012,134
9,0.012,134
10,0.012,134
11,0.023,134
12,0.012,134
13,0.012,134
14,0.023,134
15,0.006,134
16,0.006,134
17,0.006,134
18,0.029,134
0,0.000,136
1,0.000,136
2,0.000,136
3,0.000,136
4,0.000,136
5,0.000,136
6,0.000,136
7,0.000,136
8,0.000,136
9,0.000,136
10,0.000,136
11,0.000,136
12,0.424,136
13,0.697,136
14,1.000,136
15,0.818,136
16,0.273,136
17,0.394,136
18,0.545,136
19,0.333,136
20,0.545,136
21,0.273,136
22,0.606,136
23,0.303,136
0,0.146,138
1,0.293,138
2,0.098,138
3,0.049,138
4,0.024,138
5,1.000,138
6,0.220,138
0,0.241,139
1,1.000,139
2,0.448,139
3,0.414,139
4,0.310,139
5,0.172,139
6,0.207,139
7,0.483,139
8,0.552,139
9,0.276,139
10,0.276,139
11,0.586,139
12,0.517,139
13,0.483,139
14,0.414,139
15,0.207,139
16,0.414,139
17,0.241,139
18,0.517,139
19,0.552,139
20,0.241,139
21,0.276,139
0,0.800,140
1,1.000,140
2,0.800,140
3,0.200,140
4,0.333,140
5,0.133,140
6,0.233,140
7,0.100,140
8,0.300,140
9,0.200,140
10,0.100,140
11,0.300,140
12,0.067,140
13,0.233,140
14,0.200,140
15,0.367,140
16,0.200,140
17,0.400,140
18,0.300,140
19,0.300,140
20,0.033,140
21,0.133,140
22,0.100,140
23,0.200,140
0,0.769,141
1,0.885,141
2,0.154,141
3,0.077,141
4,0.269,141
5,0.115,141
6,0.269,141
7,0.385,141
8,0.154,141
9,0.192,141
10,0.346,141
11,0.346,141
12,0.462,141
13,0.346,141
14,0.231,141
15,0.192,141
16,0.385,141
17,0.500,141
18,0.385,141
19,0.346,141
20,0.577,141
21,1.000,141
22,0.346,141
23,0.538,141
0,0.000,142
1,0.000,142
2,0.000,142
3,0.000,142
4,0.000,142
5,0.000,142
6,1.000,142
7,0.292,142
8,0.212,142
9,0.212,142
10,0.182,142
11,0.270,142
12,0.219,142
13,0.102,142
14,0.197,142
15,0.234,142
16,0.190,142
17,0.212,142
18,0.226,142
19,0.234,142
20,0.204,142
21,0.131,142
22,0.080,142
23,0.102,142
0,0.932,143
1,1.000,143
2,0.625,143
3,0.193,143
4,0.068,143
5,0.114,143
6,0.080,143
7,0.102,143
0,0.136,148
1,0.136,148
2,0.364,148
3,0.136,148
4,0.045,148
5,0.000,148
6,0.409,148
7,0.727,148
8,0.364,148
9,0.636,148
10,1.000,148
11,0.909,148
12,0.682,148
13,0.045,148
14,0.091,148
15,0.091,148
16,0.091,148
17,0.000,148
18,0.000,148
19,0.091,148
20,0.000,148
21,0.136,148
22,0.364,148
0,1.000,150
1,0.340,150
2,0.480,150
3,0.460,150
4,0.460,150
5,0.540,150
6,0.540,150
7,0.420,150
8,0.220,150
9,0.420,150
10,0.280,150
11,0.520,150
12,0.540,150
13,0.260,150
14,0.380,150
15,0.320,150
16,0.220,150
17,0.200,150
18,0.280,150
19,0.240,150
20,0.280,150
21,0.200,150
22,0.220,150
23,0.360,150
0,0.000,151
1,0.000,151
2,0.000,151
3,0.000,151
4,0.000,151
5,0.000,151
6,0.000,151
7,0.000,151
8,0.000,151
9,0.000,151
10,0.000,151
11,0.000,151
12,0.000,151
13,0.256,151
14,0.333,151
15,1.000,151
16,0.282,151
17,0.692,151
18,0.769,151
19,0.333,151
20,0.103,151
21,0.103,151
22,0.385,151
23,0.179,151
0,0.000,152
1,1.000,152
2,0.576,152
3,0.303,152
4,0.606,152
5,0.364,152
6,0.545,152
7,0.576,152
8,0.303,152
9,0.333,152
10,0.333,152
11,0.455,152
12,0.758,152
13,0.273,152
14,0.394,152
15,0.152,152
16,0.152,152
17,0.212,152
18,0.242,152
19,0.273,152
20,0.273,152
21,0.182,152
0,0.000,153
1,0.000,153
2,0.000,153
3,0.000,153
4,0.000,153
5,0.000,153
6,0.000,153
7,0.000,153
8,0.000,153
9,0.000,153
10,0.000,153
11,0.000,153
12,0.000,153
13,0.000,153
14,0.000,153
15,0.000,153
16,0.000,153
17,1.000,153
18,0.471,153
19,0.373,153
20,0.588,153
21,0.745,153
22,0.765,153
23,0.431,153
0,0.000,154
1,0.257,154
2,0.286,154
3,0.943,154
4,0.686,154
5,1.000,154
6,0.971,154
7,0.629,154
8,0.000,154
9,0.000,154
10,0.000,154
11,0.000,154
12,0.000,154
13,0.229,154
0,1.000,155
1,0.560,155
2,0.680,155
3,0.560,155
4,0.160,155
5,0.320,155
6,0.520,155
7,0.680,155
8,0.520,155
9,0.760,155
10,0.320,155
11,0.320,155
12,0.160,155
13,0.120,155
14,0.240,155
0,0.669,158
1,1.000,158
2,0.419,158
3,0.743,158
4,0.500,158
5,0.108,158
6,0.014,158
7,0.041,158
8,0.041,158
9,0.054,158
10,0.149,158
11,0.041,158
12,0.007,158
13,0.020,158
14,0.068,158
15,0.041,158
16,0.041,158
17,0.054,158
0,0.857,159
1,0.476,159
2,0.286,159
3,0.310,159
4,0.310,159
5,0.286,159
6,0.262,159
7,0.214,159
8,0.310,159
9,0.119,159
10,0.214,159
11,0.190,159
12,0.119,159
13,1.000,159
14,0.381,159
15,0.095,159
16,0.333,159
17,0.262,159
18,0.286,159
19,0.190,159
20,0.167,159
21,0.500,159
22,0.357,159
23,0.167,159
0,0.000,162
1,0.000,162
2,0.000,162
3,0.000,162
4,0.000,162
5,0.000,162
6,0.000,162
7,0.000,162
8,0.000,162
9,0.000,162
10,0.000,162
11,0.000,162
12,0.000,162
13,0.000,162
14,0.000,162
15,0.000,162
16,0.094,162
17,0.229,162
18,0.958,162
19,0.385,162
20,0.333,162
21,0.365,162
22,1.000,162
23,0.573,162
0,0.852,165
1,1.000,165
2,0.148,165
3,0.148,165
4,0.222,165
5,0.148,165
6,0.222,165
0,0.400,170
1,1.000,170
2,0.217,170
3,0.217,170
4,0.217,170
5,0.117,170
0,1.000,172
1,0.179,172
2,0.060,172
3,0.012,172
4,0.119,172
5,0.036,172
6,0.048,172
7,0.071,172
8,0.202,172
9,0.048,172
10,0.286,172
11,0.048,172
12,0.012,172
13,0.167,172
14,0.107,172
15,0.071,172
0,0.000,173
1,0.000,173
2,0.000,173
3,0.000,173
4,0.462,173
5,0.808,173
6,0.192,173
7,0.231,173
8,0.231,173
9,0.308,173
10,0.192,173
11,0.269,173
12,0.385,173
13,1.000,173
14,0.538,173
15,0.231,173
16,0.500,173
17,0.308,173
18,0.308,173
19,0.308,173
20,0.385,173
21,0.231,173
22,0.154,173
23,0.654,173
0,0.043,177
1,0.043,177
2,0.696,177
3,0.522,177
4,0.609,177
5,0.217,177
6,0.391,177
7,0.522,177
8,0.913,177
9,1.000,177
10,0.522,177
11,0.435,177
12,0.130,177
13,0.391,177
14,0.435,177
15,0.652,177
16,0.391,177
17,0.087,177
18,0.217,177
19,0.435,177
20,0.478,177
21,0.609,177
22,0.174,177
23,0.130,177
0,0.821,178
1,0.393,178
2,0.286,178
3,0.393,178
4,0.357,178
5,0.357,178
6,0.071,178
7,0.214,178
8,0.179,178
9,0.143,178
10,0.071,178
11,0.643,178
12,0.643,178
13,0.286,178
14,0.393,178
15,0.500,178
16,1.000,178
17,0.786,178
18,0.786,178
19,0.750,178
20,0.714,178
21,0.679,178
22,0.571,178
23,0.607,178
0,0.654,190
1,0.077,190
2,1.000,190
3,0.615,190
4,0.115,190
5,0.269,190
6,0.423,190
7,0.192,190
8,0.231,190
9,0.423,190
10,0.731,190
11,0.154,190
12,0.577,190
13,0.308,190
14,0.154,190
15,0.423,190
16,0.192,190
17,0.115,190
18,0.038,190
19,0.231,190
20,0.615,190
21,0.269,190
22,0.385,190
23,0.077,190
0,0.377,194
1,1.000,194
2,0.344,194
3,0.295,194
4,0.213,194
5,0.246,194
6,0.262,194
7,0.115,194
8,0.393,194
9,0.164,194
10,0.197,194
11,0.180,194
12,0.328,194
13,0.197,194
14,0.033,194
15,0.033,194
16,0.082,194
17,0.066,194
0,0.000,204
1,0.000,204
2,0.000,204
3,0.000,204
4,0.000,204
5,0.000,204
6,0.000,204
7,0.000,204
8,0.000,204
9,0.000,204
10,0.000,204
11,0.000,204
12,0.000,204
13,0.000,204
14,0.000,204
15,0.000,204
16,0.204,204
17,0.624,204
18,1.000,204
19,0.194,204
20,0.183,204
21,0.108,204
22,0.097,204
23,0.065,204
0,0.000,205
1,0.000,205
2,0.000,205
3,0.000,205
4,0.000,205
5,0.000,205
6,0.000,205
7,0.000,205
8,0.000,205
9,0.000,205
10,0.000,205
11,0.000,205
12,0.577,205
13,1.000,205
14,0.254,205
15,0.380,205
16,0.282,205
17,0.338,205
18,0.155,205
19,0.254,205
20,0.183,205
21,0.324,205
22,0.169,205
23,0.127,205
0,0.000,207
1,0.000,207
2,0.000,207
3,1.000,207
4,0.861,207
5,1.000,207
6,0.667,207
7,0.528,207
8,0.556,207
9,0.667,207
10,0.556,207
11,0.667,207
12,0.611,207
13,0.500,207
14,0.556,207
15,0.972,207
16,0.778,207
17,0.583,207
18,0.722,207
19,0.472,207
20,0.528,207
21,0.500,207
22,0.528,207
23,0.889,207
0,0.019,208
1,1.000,208
2,0.194,208
3,0.165,208
4,0.068,208
5,0.058,208
6,0.039,208
7,0.010,208
8,0.029,208
9,0.019,208
10,0.019,208
0,0.682,210
1,1.000,210
2,0.136,210
3,0.091,210
4,0.091,210
5,0.136,210
6,0.091,210
7,0.136,210
8,0.318,210
9,0.045,210
10,0.091,210
11,0.364,210
12,0.182,210
13,0.182,210
14,0.182,210
15,0.091,210
16,0.227,210
17,0.091,210
18,0.091,210
19,0.045,210
20,0.000,210
21,0.227,210
0,0.263,211
1,1.000,211
2,0.298,211
3,0.158,211
4,0.386,211
5,0.246,211
6,0.123,211
7,0.053,211
8,0.263,211
9,0.105,211
10,0.158,211
11,0.140,211
12,0.158,211
13,0.123,211
14,0.053,211
15,0.263,211
16,0.140,211
17,0.088,211
18,0.053,211
19,0.088,211
20,0.053,211
21,0.088,211
22,0.053,211
23,0.140,211
0,0.667,214
1,0.370,214
2,0.481,214
3,0.889,214
4,0.815,214
5,1.000,214
6,0.926,214
7,0.593,214
8,0.926,214
9,0.704,214
10,0.259,214
11,0.259,214
12,0.296,214
13,0.333,214
14,0.370,214
15,0.259,214
16,0.296,214
17,0.111,214
18,0.222,214
19,0.037,214
20,0.148,214
21,0.333,214
22,0.111,214
23,0.222,214
0,1.000,232
1,0.580,232
2,0.174,232
3,0.116,232
4,0.130,232
5,0.159,232
6,0.261,232
7,0.043,232
8,0.145,232
9,0.058,232
10,0.159,232
11,0.116,232
12,0.087,232
13,0.261,232
14,0.116,232
15,0.058,232
16,0.101,232
17,0.130,232
18,0.058,232
19,0.072,232
20,0.072,232
21,0.072,232
22,0.029,232
23,0.072,232
0,1.000,233
1,0.121,233
2,0.242,233
3,0.273,233
4,0.364,233
5,0.091,233
6,0.152,233
7,0.061,233
8,0.121,233
9,0.182,233
10,0.152,233
11,0.152,233
12,0.152,233
13,0.091,233
14,0.273,233
15,0.182,233
16,0.121,233
17,0.152,233
18,0.091,233
19,0.121,233
20,0.091,233
21,0.000,233
22,0.000,233
23,0.000,233
0,0.000,235
1,0.000,235
2,0.000,235
3,0.000,235
4,0.000,235
5,0.136,235
6,0.455,235
7,1.000,235
8,0.227,235
9,0.136,235
10,0.136,235
0,0.000,236
1,0.000,236
2,0.000,236
3,0.000,236
4,0.000,236
5,0.000,236
6,0.000,236
7,0.000,236
8,0.000,236
9,1.000,236
10,0.778,236
11,0.278,236
12,0.333,236
13,0.306,236
14,0.389,236
15,0.833,236
16,0.278,236
17,0.167,236
18,0.194,236
19,0.167,236
20,0.250,236
21,0.111,236
22,0.333,236
23,0.222,236
0,1.000,238
1,0.571,238
2,0.381,238
3,0.143,238
0,0.000,242
1,0.000,242
2,0.000,242
3,0.000,242
4,0.000,242
5,0.000,242
6,0.500,242
7,0.077,242
8,0.000,242
9,0.077,242
10,0.308,242
11,0.115,242
12,1.000,242
13,0.115,242
14,0.423,242
15,0.192,242
16,0.154,242
17,0.038,242
18,0.077,242
19,0.269,242
20,0.077,242
21,0.154,242
22,0.154,242
23,0.192,242
0,1.000,243
1,0.542,243
2,0.208,243
3,0.111,243
4,0.194,243
5,0.236,243
6,0.125,243
7,0.250,243
8,0.292,243
9,0.167,243
10,0.222,243
11,0.194,243
12,0.111,243
13,0.236,243
14,0.236,243
15,0.083,243
16,0.194,243
17,0.250,243
18,0.181,243
19,0.153,243
20,0.236,243
21,0.139,243
22,0.097,243
23,0.028,243
0,0.000,244
1,0.480,244
2,1.000,244
3,0.200,244
0,0.299,254
1,0.597,254
2,1.000,254
3,0.403,254
4,0.313,254
5,0.433,254
6,0.313,254
7,0.418,254
8,0.164,254
9,0.284,254
10,0.134,254
11,0.104,254
12,0.134,254
13,0.254,254
14,0.209,254
15,0.134,254
16,0.075,254
17,0.239,254
18,0.164,254
19,0.119,254
20,0.045,254
21,0.104,254
22,0.134,254
23,0.104,254
0,0.000,263
1,0.000,263
2,0.000,263
3,0.000,263
4,0.000,263
5,0.000,263
6,0.647,263
7,1.000,263
8,0.765,263
9,0.235,263
10,0.441,263
11,0.235,263
12,0.059,263
13,0.029,263
14,0.882,263
15,0.294,263
16,0.353,263
17,0.382,263
18,0.412,263
19,0.500,263
20,0.382,263
21,0.176,263
22,0.618,263
23,0.206,263
0,1.000,266
1,0.595,266
2,0.119,266
3,0.286,266
4,0.071,266
5,0.048,266
6,0.071,266
7,0.167,266
8,0.071,266
9,0.095,266
10,0.119,266
11,0.024,266
12,0.048,266
13,0.024,266
14,0.071,266
0,0.624,271
1,1.000,271
2,0.115,271
3,0.103,271
4,0.079,271
5,0.079,271
6,0.018,271
0,1.000,277
1,0.652,277
2,0.561,277
3,0.682,277
4,0.879,277
5,0.576,277
6,0.530,277
7,0.485,277
8,0.409,277
9,0.470,277
10,0.515,277
11,0.985,277
12,0.530,277
13,0.182,277
14,0.076,277
15,0.061,277
16,0.076,277
17,0.015,277
18,0.015,277
19,0.030,277
20,0.106,277
21,0.015,277
22,0.015,277
23,0.076,277
0,0.587,281
1,1.000,281
2,0.130,281
3,0.065,281
4,0.174,281
5,0.087,281
6,0.109,281
7,0.065,281
8,0.065,281
9,0.065,281
10,0.065,281
11,0.196,281
12,0.065,281
13,0.000,281
14,0.000,281
15,0.000,281
16,0.022,281
17,0.087,281
18,0.109,281
19,0.109,281
20,0.152,281
21,0.087,281
0,0.000,282
1,0.000,282
2,0.000,282
3,0.000,282
4,0.000,282
5,0.000,282
6,0.000,282
7,0.000,282
8,0.000,282
9,0.000,282
10,0.000,282
11,0.318,282
12,0.227,282
13,0.091,282
14,0.045,282
15,0.136,282
16,0.045,282
17,0.182,282
18,0.318,282
19,0.000,282
20,0.000,282
21,0.000,282
22,0.318,282
23,1.000,282
0,0.943,292
1,0.514,292
2,1.000,292
3,0.743,292
4,0.600,292
5,0.429,292
6,0.714,292
7,0.600,292
8,0.771,292
9,0.771,292
10,0.800,292
11,0.514,292
12,0.343,292
13,0.029,292
14,0.143,292
15,0.114,292
16,0.086,292
17,0.057,292
18,0.029,292
19,0.114,292
20,0.057,292
21,0.029,292
22,0.086,292
23,0.029,292
0,0.645,293
1,0.387,293
2,0.226,293
3,0.161,293
4,0.419,293
5,0.355,293
6,0.516,293
7,0.516,293
8,0.258,293
9,0.806,293
10,0.548,293
11,0.935,293
12,0.161,293
13,0.032,293
14,0.161,293
15,1.000,293
16,0.710,293
17,0.645,293
18,0.419,293
19,0.258,293
20,0.065,293
21,0.097,293
22,0.581,293
23,0.677,293
0,0.913,295
1,0.435,295
2,0.304,295
3,0.478,295
4,0.217,295
5,0.348,295
6,0.435,295
7,1.000,295
8,0.478,295
9,0.696,295
10,0.348,295
11,0.087,295
12,0.217,295
13,0.130,295
14,0.174,295
0,0.000,311
1,0.000,311
2,0.000,311
3,0.000,311
4,0.000,311
5,0.000,311
6,0.000,311
7,1.000,311
8,0.839,311
9,0.387,311
10,0.290,311
11,0.355,311
12,0.097,311
13,0.355,311
14,0.129,311
15,0.065,311
16,1.000,311
17,0.161,311
18,0.194,311
19,0.290,311
20,0.194,311
21,0.419,311
22,0.226,311
23,0.161,311
0,1.000,314
1,0.676,314
2,0.351,314
3,0.324,314
4,0.216,314
5,0.162,314
6,0.351,314
7,0.270,314
8,0.081,314
9,0.243,314
10,0.081,314
11,0.108,314
12,0.108,314
13,0.189,314
14,0.081,314
0,0.000,316
1,0.000,316
2,0.000,316
3,0.000,316
4,1.000,316
5,0.136,316
0,0.645,318
1,1.000,318
2,0.145,318
3,0.174,318
4,0.065,318
5,0.080,318
6,0.000,318
7,0.000,318
8,0.000,318
9,0.014,318
10,0.007,318
11,0.014,318
0,1.000,322
1,0.292,322
2,0.125,322
3,0.292,322
4,0.208,322
5,0.542,322
6,0.417,322
7,0.667,322
8,0.375,322
9,0.250,322
10,0.792,322
11,0.583,322
12,0.417,322
13,0.250,322
14,0.167,322
15,0.083,322
16,0.458,322
17,0.208,322
18,0.083,322
19,0.792,322
20,0.083,322
21,0.208,322
22,0.083,322
23,0.250,322
0,0.000,326
1,0.000,326
2,0.000,326
3,0.000,326
4,0.000,326
5,0.000,326
6,0.000,326
7,0.000,326
8,0.000,326
9,0.000,326
10,0.000,326
11,0.000,326
12,0.571,326
13,1.000,326
14,0.333,326
15,0.476,326
16,0.238,326
17,0.143,326
18,0.143,326
19,0.381,326
20,0.143,326
21,0.286,326
22,0.190,326
23,0.524,326
0,0.269,330
1,1.000,330
2,1.000,330
3,0.077,330
4,0.269,330
5,0.038,330
6,0.038,330
7,0.000,330
8,0.077,330
9,0.115,330
0,0.297,331
1,1.000,331
2,0.432,331
3,0.676,331
4,0.216,331
5,0.243,331
6,0.189,331
7,0.757,331
8,0.432,331
9,0.027,331
10,0.108,331
11,0.216,331
12,0.297,331
13,0.216,331
14,0.027,331
15,0.486,331
16,0.243,331
17,0.162,331
18,0.027,331
19,0.432,331
20,0.432,331
21,0.162,331
22,0.081,331
23,0.162,331
0,1.000,334
1,0.424,334
2,0.152,334
3,0.455,334
4,0.303,334
5,0.303,334
6,0.545,334
7,0.333,334
8,0.273,334
9,0.273,334
10,0.182,334
11,0.091,334
12,0.061,334
13,0.030,334
14,0.030,334
0,0.000,336
1,0.000,336
2,0.000,336
3,0.000,336
4,0.000,336
5,0.000,336
6,0.000,336
7,0.000,336
8,0.000,336
9,0.000,336
10,1.000,336
11,0.261,336
12,0.609,336
13,0.130,336
14,0.087,336
15,0.043,336
16,0.087,336
17,0.130,336
18,0.304,336
19,0.348,336
20,0.174,336
21,0.174,336
22,0.087,336
23,0.087,336
0,0.338,337
1,1.000,337
2,0.065,337
3,0.052,337
4,0.117,337
5,0.052,337
6,0.013,337
7,0.013,337
8,0.000,337
9,0.013,337
10,0.052,337
11,0.000,337
12,0.039,337
13,0.026,337
14,0.013,337
15,0.000,337
16,0.039,337
17,0.026,337
18,0.013,337
19,0.013,337
20,0.013,337
21,0.000,337
22,0.156,337
23,0.312,337
0,0.111,341
1,1.000,341
2,0.222,341
3,0.444,341
4,0.519,341
5,0.074,341
0,1.000,343
1,0.478,343
2,0.370,343
3,0.174,343
4,0.391,343
5,0.370,343
6,0.174,343
7,0.609,343
8,0.543,343
9,0.500,343
10,0.217,343
11,0.696,343
12,0.674,343
13,0.609,343
14,0.478,343
15,0.565,343
16,0.848,343
17,0.457,343
18,0.565,343
19,0.543,343
20,0.326,343
21,0.391,343
22,0.283,343
23,0.304,343
0,0.931,344
1,1.000,344
2,0.264,344
3,0.319,344
4,0.264,344
5,0.264,344
6,0.306,344
7,0.125,344
8,0.083,344
9,0.153,344
10,0.097,344
11,0.097,344
12,0.125,344
13,0.111,344
14,0.125,344
15,0.097,344
16,0.083,344
17,0.014,344
18,0.069,344
19,0.097,344
20,0.028,344
21,0.056,344
22,0.056,344
23,0.111,344
0,0.883,362
1,1.000,362
2,0.874,362
3,0.524,362
4,0.845,362
5,0.680,362
6,0.699,362
7,0.485,362
8,0.825,362
9,0.165,362
10,0.155,362
11,0.049,362
12,0.068,362
13,0.126,362
14,0.087,362
15,0.019,362
16,0.117,362
17,0.068,362
18,0.058,362
19,0.010,362
20,0.019,362
21,0.039,362
22,0.029,362
23,0.058,362
0,0.904,367
1,0.794,367
2,1.000,367
3,0.545,367
4,0.545,367
5,0.751,367
6,0.856,367
7,0.871,367
8,0.703,367
9,0.660,367
10,0.555,367
11,0.593,367
12,0.512,367
13,0.325,367
14,0.335,367
15,0.431,367
16,0.158,367
17,0.057,367
18,0.062,367
19,0.048,367
20,0.053,367
21,0.024,367
22,0.062,367
23,0.053,367
0,0.000,370
1,0.000,370
2,0.000,370
3,0.000,370
4,0.000,370
5,0.000,370
6,0.000,370
7,0.000,370
8,0.000,370
9,0.000,370
10,0.000,370
11,0.000,370
12,0.000,370
13,0.000,370
14,0.000,370
15,0.833,370
16,1.000,370
17,0.367,370
18,0.567,370
19,0.267,370
20,0.167,370
21,0.600,370
22,0.167,370
23,0.600,370
0,0.822,372
1,1.000,372
2,0.444,372
3,0.156,372
4,0.356,372
5,0.400,372
6,0.244,372
7,0.089,372
8,0.067,372
9,0.133,372
10,0.222,372
11,0.200,372
12,0.311,372
13,0.133,372
14,0.133,372
15,0.089,372
16,0.089,372
17,0.089,372
18,0.067,372
19,0.111,372
20,0.089,372
21,0.044,372
22,0.044,372
23,0.089,372
0,0.691,377
1,1.000,377
2,0.982,377
3,0.618,377
4,0.509,377
5,0.491,377
6,0.509,377
7,0.455,377
8,0.255,377
9,0.491,377
10,0.455,377
11,0.382,377
12,0.436,377
13,0.400,377
14,0.527,377
15,0.636,377
16,0.455,377
17,0.309,377
18,0.491,377
19,0.291,377
20,0.145,377
21,0.400,377
22,0.345,377
23,0.273,377
0,0.000,384
1,0.000,384
2,1.000,384
3,0.067,384
4,0.233,384
5,0.100,384
6,0.000,384
7,0.000,384
8,0.000,384
9,0.000,384
10,0.000,384
11,0.000,384
12,0.000,384
13,0.000,384
14,0.000,384
15,0.033,384
16,0.200,384
17,0.033,384
18,0.000,384
19,0.000,384
20,0.000,384
21,0.000,384
22,0.000,384
23,0.000,384
0,1.000,388
1,0.386,388
2,0.515,388
3,0.535,388
4,0.356,388
5,0.248,388
6,0.178,388
7,0.287,388
8,0.327,388
9,0.139,388
10,0.228,388
11,0.178,388
12,0.158,388
13,0.139,388
14,0.168,388
15,0.139,388
16,0.168,388
17,0.129,388
18,0.040,388
19,0.079,388
20,0.119,388
21,0.059,388
22,0.149,388
23,0.069,388
0,1.000,397
1,0.187,397
2,0.066,397
3,0.099,397
4,0.011,397
5,0.088,397
6,0.022,397
7,0.011,397
8,0.011,397
9,0.022,397
10,0.022,397
11,0.011,397
12,0.022,397
13,0.022,397
0,0.125,401
1,0.333,401
2,0.417,401
3,0.375,401
4,0.542,401
5,0.500,401
6,0.208,401
7,0.625,401
8,0.667,401
9,0.792,401
10,0.458,401
11,0.625,401
12,0.167,401
13,0.542,401
14,0.833,401
15,1.000,401
16,0.708,401
17,0.167,401
18,0.792,401
19,0.875,401
20,0.500,401
21,0.708,401
22,0.458,401
23,0.208,401
0,1.000,406
1,0.417,406
2,0.045,406
3,0.032,406
4,0.019,406
5,0.006,406
6,0.000,406
7,0.026,406
8,0.013,406
0,1.000,408
1,0.931,408
2,0.992,408
3,0.562,408
4,0.508,408
5,0.404,408
6,0.604,408
7,0.469,408
8,0.377,408
9,0.658,408
10,0.462,408
11,0.535,408
12,0.496,408
13,0.308,408
14,0.012,408
15,0.012,408
16,0.004,408
17,0.012,408
18,0.004,408
19,0.004,408
20,0.004,408
21,0.004,408
22,0.015,408
23,0.004,408
0,0.000,413
1,0.000,413
2,0.000,413
3,0.000,413
4,0.000,413
5,0.000,413
6,0.000,413
7,0.000,413
8,0.000,413
9,0.000,413
10,0.000,413
11,0.000,413
12,1.000,413
13,0.324,413
14,0.135,413
15,0.189,413
16,0.162,413
17,0.324,413
18,0.149,413
19,0.149,413
20,0.230,413
21,0.230,413
22,0.081,413
23,0.081,413
0,1.000,419
1,0.462,419
2,0.385,419
3,0.346,419
4,0.538,419
5,0.346,419
6,0.308,419
7,0.442,419
8,0.404,419
9,0.250,419
10,0.308,419
11,0.596,419
12,0.327,419
13,0.077,419
14,0.231,419
15,0.231,419
16,0.308,419
17,0.135,419
18,0.115,419
19,0.154,419
20,0.077,419
21,0.019,419
22,0.038,419
23,0.058,419
0,0.000,424
1,0.000,424
2,0.000,424
3,0.000,424
4,0.000,424
5,0.000,424
6,0.000,424
7,0.000,424
8,0.000,424
9,0.000,424
10,0.000,424
11,0.000,424
12,0.000,424
13,0.000,424
14,0.000,424
15,0.000,424
16,0.000,424
17,0.000,424
18,0.444,424
19,0.593,424
20,0.519,424
21,0.370,424
22,1.000,424
23,0.630,424
0,1.000,430
1,0.733,430
2,0.733,430
3,0.467,430
4,0.433,430
5,0.033,430
6,0.100,430
7,0.233,430
8,0.100,430
9,0.333,430
10,0.433,430
11,0.200,430
12,0.000,430
13,0.100,430
14,0.067,430
15,0.200,430
16,0.100,430
17,0.100,430
18,0.033,430
19,0.033,430
20,0.067,430
21,0.000,430
22,0.133,430
23,0.033,430
0,0.000,439
1,0.000,439
2,0.000,439
3,0.000,439
4,0.000,439
5,0.000,439
6,0.000,439
7,0.313,439
8,1.000,439
9,0.708,439
10,0.313,439
11,0.146,439
12,0.125,439
13,0.083,439
14,0.104,439
15,0.042,439
16,0.063,439
17,0.042,439
18,0.021,439
19,0.021,439
20,0.042,439
21,0.042,439
22,0.063,439
23,0.083,439
0,0.840,444
1,0.720,444
2,1.000,444
3,0.200,444
4,0.120,444
5,0.160,444
6,0.160,444
7,0.040,444
8,0.280,444
9,0.200,444
10,0.360,444
11,0.080,444
12,0.080,444
13,0.240,444
14,0.400,444
15,0.320,444
16,0.080,444
0,1.000,445
1,0.417,445
2,1.000,445
3,0.833,445
4,0.611,445
5,0.306,445
6,0.194,445
7,0.194,445
8,0.056,445
9,0.083,445
10,0.194,445
11,0.111,445
12,0.083,445
13,0.056,445
14,0.139,445
15,0.250,445
16,0.333,445
17,0.056,445
18,0.167,445
19,0.250,445
20,0.083,445
21,0.111,445
22,0.139,445
23,0.111,445
0,0.227,459
1,0.955,459
2,1.000,459
3,0.227,459
4,0.182,459
5,0.045,459
6,0.045,459
7,0.091,459
8,0.227,459
9,0.091,459
0,0.000,478
1,0.000,478
2,0.000,478
3,0.000,478
4,0.000,478
5,0.000,478
6,0.000,478
7,0.000,478
8,0.000,478
9,0.000,478
10,0.000,478
11,0.000,478
12,0.201,478
13,1.000,478
14,0.828,478
15,0.813,478
16,0.604,478
17,0.604,478
18,0.761,478
19,0.754,478
20,0.515,478
21,0.664,478
22,0.231,478
23,0.037,478
0,0.000,482
1,0.000,482
2,0.000,482
3,0.000,482
4,0.000,482
5,0.000,482
6,0.000,482
7,0.000,482
8,0.000,482
9,0.000,482
10,0.000,482
11,0.000,482
12,0.000,482
13,0.000,482
14,0.000,482
15,0.000,482
16,0.000,482
17,0.000,482
18,0.000,482
19,0.000,482
20,0.000,482
21,0.863,482
22,0.726,482
23,1.000,482
0,1.000,483
1,0.438,483
2,0.329,483
3,0.205,483
4,0.329,483
5,0.233,483
6,0.082,483
7,0.178,483
8,0.055,483
9,0.027,483
10,0.260,483
11,0.082,483
12,0.082,483
13,0.000,483
14,0.000,483
15,0.000,483
16,0.027,483
17,0.014,483
18,0.055,483
19,0.041,483
20,0.000,483
21,0.055,483
22,0.027,483
23,0.027,483
0,0.293,488
1,1.000,488
2,0.220,488
3,0.439,488
4,0.268,488
5,0.244,488
6,0.195,488
7,0.366,488
8,0.317,488
9,0.146,488
10,0.146,488
11,0.122,488
12,0.293,488
13,0.268,488
14,0.293,488
15,0.268,488
16,0.293,488
17,0.146,488
18,0.244,488
19,0.244,488
20,0.098,488
21,0.463,488
22,0.293,488
23,0.244,488
0,0.000,496
1,0.000,496
2,0.000,496
3,0.000,496
4,0.000,496
5,0.000,496
6,0.000,496
7,0.000,496
8,0.000,496
9,0.000,496
10,0.000,496
11,0.000,496
12,0.000,496
13,0.000,496
14,0.000,496
15,0.000,496
16,0.000,496
17,0.000,496
18,0.000,496
19,0.000,496
20,0.595,496
21,1.000,496
22,1.000,496
23,0.976,496
0,0.000,511
1,0.000,511
2,0.000,511
3,0.000,511
4,0.000,511
5,0.000,511
6,0.000,511
7,0.000,511
8,0.000,511
9,0.000,511
10,0.000,511
11,1.000,511
12,0.647,511
13,0.471,511
14,0.412,511
15,0.471,511
16,0.382,511
17,0.676,511
18,0.324,511
19,0.412,511
20,0.324,511
21,0.118,511
22,0.000,511
23,0.088,511
0,0.257,514
1,1.000,514
2,0.144,514
3,0.024,514
4,0.060,514
5,0.006,514
6,0.012,514
7,0.012,514
8,0.018,514
9,0.000,514
10,0.000,514
11,0.012,514
12,0.024,514
13,0.012,514
14,0.012,514
15,0.000,514
16,0.000,514
17,0.000,514
18,0.000,514
19,0.000,514
20,0.000,514
21,0.000,514
22,0.000,514
23,0.000,514
0,0.145,516
1,0.388,516
2,0.474,516
3,1.000,516
4,0.597,516
5,0.314,516
6,0.138,516
7,0.077,516
8,0.037,516
9,0.043,516
10,0.098,516
11,0.089,516
12,0.083,516
13,0.502,516
14,0.735,516
15,0.902,516
16,0.323,516
17,0.234,516
18,0.105,516
19,0.052,516
20,0.083,516
21,0.012,516
22,0.022,516
23,0.031,516
0,0.167,526
1,1.000,526
2,0.526,526
3,0.150,526
4,0.023,526
5,0.020,526
6,0.039,526
7,0.039,526
8,0.016,526
9,0.026,526
10,0.033,526
11,0.039,526
12,0.036,526
13,0.033,526
14,0.013,526
15,0.003,526
16,0.007,526
17,0.007,526
18,0.007,526
19,0.003,526
20,0.003,526
21,0.007,526
22,0.000,526
23,0.000,526
0,0.714,532
1,0.238,532
2,0.714,532
3,1.000,532
4,0.048,532
5,0.048,532
6,0.143,532
7,0.000,532
8,0.048,532
9,0.048,532
10,0.095,532
11,0.381,532
12,0.190,532
13,0.238,532
14,0.143,532
15,0.238,532
16,0.048,532
17,0.048,532
18,0.095,532
19,0.048,532
20,0.048,532
0,0.679,541
1,1.000,541
2,0.098,541
3,0.107,541
4,0.134,541
5,0.063,541
6,0.045,541
7,0.125,541
8,0.116,541
9,0.134,541
10,0.054,541
11,0.098,541
12,0.098,541
13,0.125,541
14,0.063,541
15,0.080,541
16,0.054,541
17,0.054,541
18,0.054,541
19,0.045,541
20,0.116,541
21,0.125,541
22,0.054,541
23,0.018,541
0,0.000,542
1,0.000,542
2,0.000,542
3,0.000,542
4,0.000,542
5,0.000,542
6,0.000,542
7,0.000,542
8,0.909,542
9,0.909,542
10,1.000,542
11,0.636,542
12,0.636,542
13,0.591,542
14,0.864,542
15,0.455,542
16,0.636,542
17,0.636,542
18,0.136,542
19,0.182,542
20,0.227,542
21,0.045,542
22,0.000,542
23,0.000,542
0,0.000,546
1,0.000,546
2,0.000,546
3,1.000,546
4,0.290,546
5,0.065,546
6,0.065,546
7,0.065,546
8,0.032,546
9,0.097,546
10,0.000,546
11,0.065,546
12,0.032,546
13,0.129,546
14,0.065,546
15,0.065,546
16,0.839,546
17,0.129,546
18,0.065,546
19,0.065,546
20,0.032,546
21,0.000,546
22,0.000,546
23,0.000,546
0,0.148,566
1,0.111,566
2,0.111,566
3,0.074,566
4,0.037,566
5,0.074,566
6,1.000,566
7,0.704,566
8,0.222,566
9,0.074,566
10,0.074,566
11,0.185,566
12,0.037,566
13,0.037,566
14,0.074,566
15,0.111,566
16,0.074,566
17,0.000,566
18,0.037,566
19,0.037,566
20,0.037,566
21,0.148,566
22,0.037,566
23,0.037,566
0,0.753,567
1,1.000,567
2,0.596,567
3,0.124,567
4,0.472,567
5,0.270,567
6,0.079,567
7,0.101,567
8,0.101,567
9,0.090,567
10,0.101,567
11,0.090,567
12,0.090,567
13,0.045,567
14,0.124,567
15,0.034,567
16,0.169,567
17,0.169,567
18,0.135,567
19,0.056,567
20,0.079,567
21,0.101,567
22,0.090,567
23,0.045,567
0,0.027,574
1,0.027,574
2,0.000,574
3,0.000,574
4,0.000,574
5,0.000,574
6,0.000,574
7,0.000,574
8,0.000,574
9,0.000,574
10,0.000,574
11,0.000,574
12,1.000,574
13,0.324,574
14,0.135,574
15,0.135,574
16,0.162,574
17,0.000,574
18,0.000,574
19,0.000,574
20,0.000,574
21,0.000,574
22,0.000,574
23,0.000,574
0,1.000,578
1,0.524,578
2,0.024,578
3,0.179,578
4,0.274,578
5,0.143,578
6,0.131,578
7,0.131,578
8,0.131,578
9,0.083,578
10,0.012,578
11,0.048,578
12,0.071,578
13,0.024,578
14,0.012,578
0,1.000,581
1,0.043,581
2,0.087,581
3,0.130,581
4,0.130,581
5,0.130,581
6,0.217,581
7,0.130,581
8,0.043,581
0,1.000,588
1,0.862,588
2,0.835,588
3,0.183,588
4,0.239,588
5,0.174,588
6,0.339,588
7,0.229,588
8,0.193,588
9,0.183,588
10,0.239,588
11,0.248,588
12,0.174,588
13,0.018,588
14,0.009,588
15,0.055,588
16,0.018,588
17,0.055,588
18,0.000,588
19,0.000,588
20,0.000,588
21,0.009,588
22,0.009,588
23,0.018,588
0,1.000,589
1,0.354,589
2,0.215,589
3,0.291,589
4,0.241,589
5,0.215,589
6,0.329,589
7,0.076,589
8,0.139,589
9,0.114,589
10,0.076,589
11,0.114,589
12,0.038,589
13,0.101,589
14,0.101,589
15,0.063,589
16,0.000,589
17,0.013,589
18,0.013,589
19,0.089,589
20,0.013,589
0,0.523,591
1,1.000,591
2,0.909,591
3,0.736,591
4,0.645,591
5,0.127,591
6,0.112,591
7,0.152,591
8,0.142,591
9,0.122,591
10,0.096,591
11,0.147,591
12,0.081,591
13,0.020,591
14,0.061,591
15,0.081,591
16,0.071,591
17,0.051,591
18,0.051,591
19,0.020,591
20,0.036,591
21,0.046,591
22,0.030,591
23,0.015,591
0,1.000,604
1,0.800,604
2,0.640,604
3,0.400,604
4,0.640,604
5,0.400,604
6,0.520,604
7,0.680,604
8,0.280,604
9,0.520,604
10,0.240,604
11,0.440,604
12,0.480,604
13,0.480,604
14,0.320,604
15,0.440,604
16,0.800,604
17,0.640,604
18,0.280,604
19,0.520,604
20,0.400,604
21,0.240,604
22,0.200,604
23,0.240,604
0,0.000,607
1,0.000,607
2,0.000,607
3,0.000,607
4,0.000,607
5,0.000,607
6,0.000,607
7,0.000,607
8,0.000,607
9,0.000,607
10,0.000,607
11,0.000,607
12,0.000,607
13,0.000,607
14,0.000,607
15,0.000,607
16,0.000,607
17,0.000,607
18,0.000,607
19,0.165,607
20,1.000,607
21,0.176,607
22,0.088,607
23,0.044,607
0,0.519,609
1,1.000,609
2,0.288,609
3,0.423,609
4,0.385,609
5,0.269,609
6,0.250,609
7,0.096,609
8,0.115,609
9,0.096,609
10,0.096,609
11,0.269,609
12,0.135,609
13,0.077,609
14,0.000,609
15,0.096,609
16,0.000,609
17,0.000,609
18,0.000,609
19,0.038,609
20,0.038,609
21,0.019,609
22,0.000,609
23,0.000,609
0,0.043,613
1,0.130,613
2,0.000,613
3,0.000,613
4,0.000,613
5,0.043,613
6,0.087,613
7,0.217,613
8,0.000,613
9,0.087,613
10,0.043,613
11,0.870,613
12,0.783,613
13,0.261,613
14,0.217,613
15,0.261,613
16,0.478,613
17,1.000,613
18,0.609,613
19,0.217,613
20,0.087,613
21,0.043,613
22,0.087,613
23,0.174,613
0,0.000,617
1,0.000,617
2,0.000,617
3,0.000,617
4,0.000,617
5,0.000,617
6,0.000,617
7,0.000,617
8,0.000,617
9,0.208,617
10,0.208,617
11,0.458,617
12,0.500,617
13,0.583,617
14,0.458,617
15,0.583,617
16,0.417,617
17,0.375,617
18,1.000,617
19,0.625,617
20,0.542,617
21,0.625,617
22,0.500,617
23,0.667,617
0,0.000,618
1,0.000,618
2,0.000,618
3,1.000,618
4,0.627,618
5,0.567,618
6,0.507,618
7,0.313,618
8,0.343,618
9,0.269,618
10,0.119,618
11,0.209,618
12,0.179,618
13,0.194,618
14,0.179,618
15,0.179,618
16,0.134,618
17,0.015,618
18,0.045,618
19,0.075,618
20,0.045,618
21,0.015,618
22,0.030,618
23,0.060,618
0,0.000,632
1,0.000,632
2,0.000,632
3,0.000,632
4,0.000,632
5,0.000,632
6,0.000,632
7,0.000,632
8,0.000,632
9,0.000,632
10,0.000,632
11,0.000,632
12,1.000,632
13,0.227,632
14,0.045,632
15,0.227,632
16,0.136,632
17,0.136,632
18,0.136,632
19,0.136,632
20,0.045,632
21,0.182,632
22,0.182,632
23,0.455,632
0,1.000,633
1,0.489,633
2,0.156,633
3,0.111,633
4,0.067,633
5,0.044,633
6,0.044,633
7,0.044,633
8,0.000,633
9,0.022,633
10,0.089,633
11,0.022,633
12,0.022,633
0,1.000,651
1,0.608,651
2,0.328,651
3,0.416,651
4,0.336,651
5,0.272,651
6,0.200,651
7,0.256,651
8,0.224,651
9,0.296,651
10,0.232,651
11,0.256,651
12,0.184,651
13,0.088,651
14,0.032,651
15,0.016,651
16,0.024,651
17,0.008,651
18,0.016,651
19,0.024,651
20,0.008,651
21,0.016,651
22,0.016,651
23,0.008,651
0,0.806,653
1,1.000,653
2,0.750,653
3,0.722,653
4,0.750,653
5,0.833,653
6,0.833,653
7,0.417,653
8,0.722,653
9,0.194,653
10,0.111,653
11,0.139,653
12,0.083,653
13,0.056,653
14,0.111,653
15,0.111,653
16,0.222,653
17,0.000,653
18,0.000,653
19,0.000,653
20,0.028,653
21,0.083,653
22,0.056,653
23,0.000,653
0,0.522,656
1,1.000,656
2,0.113,656
3,0.165,656
4,0.139,656
5,0.087,656
6,0.009,656
7,0.009,656
8,0.009,656
9,0.000,656
10,0.017,656
11,0.009,656
12,0.000,656
13,0.000,656
14,0.000,656
15,0.000,656
16,0.000,656
17,0.017,656
18,0.000,656
19,0.000,656
20,0.000,656
21,0.000,656
22,0.000,656
23,0.009,656
0,0.000,657
1,0.000,657
2,1.000,657
3,0.575,657
4,0.400,657
5,0.375,657
6,0.525,657
7,0.225,657
8,0.275,657
9,0.200,657
10,0.275,657
11,0.225,657
12,0.200,657
13,0.400,657
14,0.275,657
15,0.200,657
16,0.250,657
17,0.225,657
18,0.100,657
19,0.150,657
20,0.150,657
21,0.350,657
22,0.175,657
23,0.150,657
0,1.000,659
1,0.857,659
2,0.143,659
3,0.571,659
4,0.286,659
5,0.095,659
6,0.143,659
7,0.048,659
8,0.048,659
0,1.000,669
1,0.690,669
2,0.672,669
3,0.034,669
4,0.086,669
5,0.328,669
6,0.155,669
7,0.362,669
8,0.379,669
9,0.052,669
10,0.103,669
11,0.034,669
12,0.034,669
13,0.034,669
14,0.052,669
15,0.017,669
16,0.086,669
17,0.052,669
18,0.069,669
19,0.052,669
20,0.017,669
21,0.086,669
22,0.069,669
23,0.000,669
0,0.000,685
1,0.000,685
2,0.000,685
3,1.000,685
4,0.348,685
5,0.130,685
6,0.957,685
7,0.348,685
8,0.217,685
9,0.174,685
10,0.174,685
11,0.000,685
12,0.000,685
13,0.000,685
14,0.087,685
15,0.043,685
16,0.043,685
17,0.043,685
18,0.043,685
19,0.130,685
20,0.174,685
21,0.435,685
22,0.261,685
23,0.130,685
0,0.000,692
1,0.000,692
2,0.000,692
3,0.000,692
4,0.000,692
5,0.000,692
6,0.000,692
7,0.000,692
8,0.000,692
9,0.000,692
10,0.000,692
11,0.000,692
12,0.000,692
13,0.000,692
14,0.000,692
15,0.000,692
16,0.000,692
17,0.000,692
18,0.846,692
19,0.692,692
20,0.962,692
21,1.000,692
22,1.000,692
23,0.423,692
0,0.282,708
1,1.000,708
2,0.985,708
3,0.748,708
4,0.237,708
5,0.076,708
6,0.023,708
7,0.015,708
8,0.046,708
9,0.038,708
10,0.031,708
11,0.015,708
12,0.000,708
13,0.008,708
14,0.038,708
15,0.008,708
16,0.015,708
17,0.000,708
18,0.000,708
19,0.000,708
20,0.000,708
21,0.000,708
22,0.008,708
0,0.697,729
1,0.247,729
2,1.000,729
3,0.607,729
4,0.281,729
5,0.034,729
6,0.090,729
7,0.079,729
8,0.056,729
9,0.045,729
10,0.045,729
11,0.034,729
12,0.045,729
13,0.022,729
14,0.011,729
0,0.353,762
1,1.000,762
2,0.929,762
3,0.212,762
4,0.128,762
5,0.032,762
6,0.032,762
7,0.038,762
8,0.019,762
9,0.019,762
10,0.019,762
11,0.019,762
12,0.000,762
13,0.000,762
14,0.000,762
15,0.032,762
16,0.019,762
17,0.006,762
18,0.000,762
19,0.000,762
20,0.000,762
21,0.000,762
22,0.006,762
23,0.013,762
0,1.000,764
1,0.700,764
2,0.567,764
3,0.333,764
4,0.500,764
5,0.200,764
6,0.233,764
7,0.500,764
8,0.800,764
9,1.000,764
10,0.400,764
11,0.367,764
12,0.500,764
13,0.500,764
14,0.733,764
15,0.467,764
16,0.467,764
17,0.167,764
18,0.200,764
19,0.233,764
20,0.133,764
21,0.167,764
22,0.067,764
23,0.333,764
0,0.000,772
1,0.000,772
2,0.000,772
3,0.000,772
4,0.000,772
5,0.000,772
6,0.000,772
7,0.000,772
8,0.000,772
9,0.000,772
10,0.077,772
11,0.000,772
12,0.000,772
13,0.000,772
14,1.000,772
15,0.500,772
16,0.269,772
17,0.115,772
18,0.115,772
19,0.077,772
20,0.000,772
21,0.077,772
22,0.038,772
0,1.000,782
1,0.207,782
2,0.103,782
3,0.207,782
4,0.207,782
5,0.069,782
6,0.276,782
7,0.069,782
8,0.310,782
9,0.276,782
10,0.345,782
11,0.069,782
12,0.069,782
13,0.138,782
14,0.000,782
15,0.000,782
16,0.000,782
17,0.000,782
18,0.000,782
19,0.103,782
20,0.000,782
21,0.000,782
22,0.000,782
23,0.000,782
0,0.238,783
1,1.000,783
2,0.476,783
3,0.095,783
4,0.143,783
5,0.000,783
6,0.190,783
7,0.000,783
8,0.048,783
9,0.048,783
0,0.856,810
1,1.000,810
2,0.187,810
3,0.014,810
4,0.079,810
5,0.050,810
6,0.036,810
7,0.014,810
8,0.022,810
9,0.029,810
10,0.014,810
11,0.014,810
12,0.022,810
13,0.014,810
14,0.014,810
15,0.022,810
16,0.000,810
17,0.000,810
18,0.022,810
19,0.014,810
20,0.014,810
21,0.043,810
22,0.000,810
23,0.000,810
0,0.000,820
1,0.000,820
2,0.000,820
3,0.000,820
4,0.000,820
5,0.000,820
6,0.000,820
7,0.000,820
8,0.000,820
9,0.000,820
10,0.000,820
11,0.000,820
12,0.000,820
13,0.000,820
14,0.000,820
15,0.000,820
16,0.000,820
17,1.000,820
18,0.259,820
19,0.148,820
20,0.259,820
21,0.481,820
22,0.407,820
23,0.704,820
0,1.000,852
1,0.475,852
2,0.410,852
3,0.328,852
4,0.623,852
5,0.131,852
6,0.262,852
7,0.230,852
8,0.279,852
9,0.262,852
10,0.246,852
11,0.541,852
12,0.197,852
13,0.131,852
14,0.049,852
15,0.098,852
16,0.148,852
17,0.000,852
18,0.000,852
19,0.000,852
20,0.066,852
21,0.033,852
22,0.033,852
23,0.066,852
0,0.854,899
1,1.000,899
2,0.494,899
3,0.120,899
4,0.146,899
5,0.025,899
6,0.038,899
7,0.171,899
8,0.051,899
9,0.019,899
10,0.051,899
11,0.013,899
12,0.013,899
13,0.032,899
14,0.000,899
15,0.006,899
16,0.006,899
17,0.013,899
18,0.019,899
19,0.000,899
20,0.000,899
21,0.000,899
22,0.006,899
23,0.013,899
0,1.000,900
1,0.786,900
2,0.173,900
3,0.125,900
4,0.054,900
5,0.488,900
6,0.149,900
7,0.054,900
8,0.054,900
9,0.042,900
10,0.071,900
11,0.024,900
12,0.042,900
13,0.018,900
14,0.012,900
15,0.018,900
16,0.012,900
17,0.024,900
18,0.006,900
19,0.000,900
20,0.000,900
21,0.000,900
22,0.006,900
23,0.000,900
0,1.000,911
1,0.284,911
2,0.085,911
3,0.119,911
4,0.125,911
5,0.119,911
6,0.097,911
7,0.063,911
8,0.119,911
9,0.028,911
10,0.023,911
11,0.028,911
12,0.011,911
13,0.017,911
14,0.011,911
15,0.011,911
16,0.000,911
17,0.000,911
18,0.000,911
0,1.000,968
1,0.400,968
2,0.825,968
3,0.800,968
4,0.675,968
5,0.225,968
6,0.450,968
7,0.125,968
8,0.100,968
9,0.050,968
10,0.075,968
11,0.100,968
12,0.075,968
13,0.000,968
14,0.050,968
15,0.075,968
16,0.100,968
17,0.075,968
18,0.050,968
19,0.050,968
20,0.050,968
21,0.125,968
22,0.075,968
23,0.025,968
0,0.289,969
1,0.311,969
2,0.533,969
3,1.000,969
4,0.267,969
5,0.333,969
6,0.467,969
7,0.422,969
8,0.378,969
9,0.378,969
10,0.356,969
11,0.156,969
12,0.000,969
13,0.000,969
14,0.000,969
15,0.000,969
16,0.000,969
17,0.000,969
18,0.000,969
19,0.000,969
20,0.000,969
21,0.000,969
22,0.000,969
23,0.000,969
0,0.000,988
1,0.000,988
2,0.000,988
3,0.000,988
4,0.000,988
5,0.000,988
6,0.000,988
7,0.000,988
8,0.000,988
9,0.000,988
10,0.000,988
11,0.192,988
12,0.231,988
13,0.692,988
14,0.615,988
15,1.000,988
16,0.462,988
17,0.808,988
18,0.577,988
19,0.615,988
20,0.731,988
21,0.654,988
22,0.769,988
23,0.654,988
0,1.000,1066
1,0.209,1066
2,0.093,1066
3,0.233,1066
4,0.140,1066
5,0.140,1066
6,0.140,1066
7,0.093,1066
8,0.047,1066
9,0.047,1066
10,0.047,1066
11,0.070,1066
12,0.140,1066
13,0.047,1066
14,0.047,1066
15,0.093,1066
16,0.116,1066
17,0.163,1066
18,0.023,1066
19,0.070,1066
20,0.047,1066
21,0.023,1066
22,0.047,1066
23,0.047,1066
0,0.731,1093
1,1.000,1093
2,0.358,1093
3,0.433,1093
4,0.179,1093
5,0.254,1093
6,0.075,1093
7,0.104,1093
8,0.075,1093
9,0.045,1093
10,0.075,1093
11,0.045,1093
12,0.090,1093
13,0.060,1093
14,0.045,1093
15,0.030,1093
16,0.015,1093
17,0.000,1093
18,0.075,1093
19,0.090,1093
20,0.060,1093
21,0.060,1093
22,0.015,1093
23,0.015,1093
0,0.357,1147
1,0.929,1147
2,0.881,1147
3,1.000,1147
4,0.357,1147
5,0.452,1147
6,0.476,1147
7,0.262,1147
8,0.214,1147
9,0.119,1147
10,0.071,1147
11,0.071,1147
12,0.095,1147
13,0.119,1147
14,0.048,1147
15,0.190,1147
16,0.071,1147
17,0.190,1147
18,0.167,1147
19,0.262,1147
20,0.167,1147
21,0.071,1147
22,0.143,1147
23,0.167,1147
0,1.000,1168
1,0.103,1168
2,0.051,1168
3,0.000,1168
4,0.000,1168
5,0.000,1168
6,0.000,1168
7,0.282,1168
8,0.026,1168
9,0.026,1168
10,0.000,1168
11,0.026,1168
12,0.026,1168
13,0.000,1168
14,0.026,1168
15,0.000,1168
16,0.000,1168
17,0.000,1168
18,0.000,1168
19,0.000,1168
20,0.000,1168
21,0.026,1168
22,0.000,1168
23,0.026,1168
0,0.379,1199
1,0.172,1199
2,0.172,1199
3,0.207,1199
4,0.000,1199
5,0.448,1199
6,0.724,1199
7,1.000,1199
8,0.103,1199
9,0.586,1199
10,0.483,1199
11,0.172,1199
12,0.414,1199
13,0.759,1199
14,0.655,1199
15,0.172,1199
16,0.414,1199
17,0.345,1199
18,0.172,1199
19,0.345,1199
20,0.138,1199
21,0.724,1199
22,0.103,1199
23,0.345,1199
0,0.083,1237
1,1.000,1237
2,0.661,1237
3,0.302,1237
4,0.000,1237
5,0.000,1237
6,0.000,1237
7,0.016,1237
8,0.021,1237
9,0.010,1237
10,0.000,1237
11,0.000,1237
12,0.000,1237
13,0.000,1237
14,0.000,1237
15,0.000,1237
16,0.000,1237
17,0.010,1237
18,0.010,1237
19,0.000,1237
20,0.000,1237
21,0.000,1237
22,0.000,1237
23,0.000,1237
0,0.000,1262
1,0.000,1262
2,0.000,1262
3,1.000,1262
4,0.300,1262
5,0.267,1262
6,0.533,1262
7,0.333,1262
8,0.033,1262
9,0.167,1262
10,0.133,1262
11,0.333,1262
12,0.100,1262
13,0.067,1262
14,0.767,1262
15,0.133,1262
16,0.067,1262
17,0.133,1262
18,0.000,1262
19,0.033,1262
20,0.067,1262
21,0.000,1262
22,0.000,1262
23,0.000,1262
0,0.299,1301
1,1.000,1301
2,0.848,1301
3,0.293,1301
4,0.110,1301
5,0.043,1301
6,0.043,1301
7,0.000,1301
8,0.000,1301
9,0.000,1301
10,0.006,1301
11,0.006,1301
12,0.018,1301
13,0.018,1301
14,0.018,1301
15,0.006,1301
16,0.000,1301
17,0.000,1301
18,0.000,1301
19,0.000,1301
20,0.012,1301
21,0.012,1301
22,0.000,1301
23,0.000,1301
0,1.000,1323
1,0.226,1323
2,0.170,1323
3,0.151,1323
4,0.094,1323
5,0.057,1323
6,0.113,1323
7,0.057,1323
8,0.057,1323
9,0.019,1323
10,0.000,1323
11,0.000,1323
12,0.000,1323
13,0.075,1323
14,0.057,1323
15,0.019,1323
16,0.019,1323
17,0.038,1323
18,0.019,1323
19,0.038,1323
20,0.057,1323
21,0.377,1323
22,0.000,1323
23,0.000,1323
0,1.000,1329
1,0.000,1329
2,0.000,1329
3,0.000,1329
4,0.121,1329
5,0.394,1329
6,0.121,1329
7,0.000,1329
8,0.000,1329
9,0.000,1329
10,0.000,1329
11,0.000,1329
12,0.000,1329
13,0.182,1329
14,0.061,1329
15,0.030,1329
16,0.121,1329
17,0.030,1329
18,0.030,1329
19,0.061,1329
20,0.061,1329
21,0.212,1329
22,0.061,1329
23,0.091,1329
0,0.000,1338
1,0.000,1338
2,0.000,1338
3,0.000,1338
4,0.000,1338
5,1.000,1338
6,0.366,1338
7,0.098,1338
8,0.061,1338
9,0.134,1338
10,0.098,1338
11,0.159,1338
12,0.329,1338
13,0.134,1338
14,0.012,1338
15,0.061,1338
16,0.037,1338
17,0.049,1338
18,0.061,1338
19,0.073,1338
20,0.024,1338
21,0.268,1338
22,0.000,1338
23,0.061,1338
0,0.351,1359
1,1.000,1359
2,0.631,1359
3,0.766,1359
4,0.261,1359
5,0.315,1359
6,0.378,1359
7,0.270,1359
8,0.090,1359
9,0.045,1359
10,0.090,1359
11,0.045,1359
12,0.099,1359
13,0.054,1359
14,0.072,1359
15,0.054,1359
16,0.063,1359
17,0.045,1359
18,0.018,1359
19,0.036,1359
20,0.027,1359
21,0.018,1359
22,0.000,1359
23,0.000,1359
0,0.780,1373
1,1.000,1373
2,0.049,1373
3,0.000,1373
4,0.000,1373
5,0.000,1373
6,0.000,1373
7,0.000,1373
8,0.000,1373
0,0.195,1383
1,1.000,1383
2,0.388,1383
3,0.100,1383
4,0.037,1383
5,0.021,1383
6,0.021,1383
7,0.024,1383
8,0.000,1383
9,0.000,1383
10,0.000,1383
11,0.016,1383
12,0.008,1383
13,0.011,1383
14,0.003,1383
15,0.003,1383
16,0.013,1383
17,0.000,1383
18,0.000,1383
19,0.000,1383
20,0.005,1383
21,0.005,1383
22,0.005,1383
23,0.000,1383
0,0.400,1398
1,0.244,1398
2,0.222,1398
3,0.200,1398
4,0.111,1398
5,0.222,1398
6,0.156,1398
7,0.133,1398
8,0.978,1398
9,0.222,1398
10,0.200,1398
11,0.267,1398
12,0.200,1398
13,0.156,1398
14,0.133,1398
15,0.200,1398
16,0.156,1398
17,0.156,1398
18,1.000,1398
19,0.111,1398
20,0.111,1398
21,0.133,1398
22,0.156,1398
23,0.111,1398
0,0.533,1400
1,1.000,1400
2,0.393,1400
3,0.087,1400
4,0.053,1400
5,0.027,1400
6,0.080,1400
7,0.027,1400
8,0.027,1400
9,0.007,1400
10,0.013,1400
11,0.007,1400
12,0.000,1400
13,0.000,1400
14,0.000,1400
15,0.000,1400
16,0.000,1400
17,0.000,1400
18,0.000,1400
19,0.007,1400
20,0.007,1400
21,0.000,1400
22,0.000,1400
23,0.000,1400
0,1.000,1412
1,0.809,1412
2,0.941,1412
3,0.485,1412
4,0.765,1412
5,0.574,1412
6,0.691,1412
7,0.250,1412
8,0.294,1412
9,0.544,1412
10,0.426,1412
11,0.382,1412
12,0.235,1412
13,0.206,1412
14,0.294,1412
15,0.074,1412
16,0.015,1412
17,0.074,1412
18,0.162,1412
19,0.118,1412
20,0.029,1412
21,0.044,1412
22,0.015,1412
23,0.029,1412
0,0.586,1425
1,0.138,1425
2,1.000,1425
3,0.828,1425
4,0.690,1425
5,0.759,1425
6,0.655,1425
7,0.724,1425
8,0.448,1425
9,0.000,1425
10,0.000,1425
11,0.000,1425
12,0.034,1425
13,0.000,1425
14,0.034,1425
15,0.000,1425
16,0.000,1425
17,0.000,1425
18,0.000,1425
19,0.000,1425
20,0.000,1425
21,0.034,1425
22,0.000,1425
23,0.034,1425
0,1.000,1448
1,0.464,1448
2,0.571,1448
3,0.607,1448
4,0.500,1448
5,0.250,1448
6,0.571,1448
7,0.250,1448
8,0.161,1448
9,0.393,1448
10,0.446,1448
11,0.393,1448
12,0.643,1448
13,0.464,1448
14,0.554,1448
15,0.286,1448
16,0.554,1448
17,0.214,1448
18,0.321,1448
19,0.429,1448
20,0.304,1448
21,0.357,1448
22,0.179,1448
23,0.357,1448
0,0.281,1481
1,0.313,1481
2,0.313,1481
3,0.375,1481
4,0.234,1481
5,0.344,1481
6,0.234,1481
7,0.297,1481
8,0.203,1481
9,0.281,1481
10,0.234,1481
11,0.141,1481
12,0.109,1481
13,0.063,1481
14,0.063,1481
15,0.125,1481
16,0.109,1481
17,0.172,1481
18,0.219,1481
19,0.375,1481
20,0.469,1481
21,0.906,1481
22,1.000,1481
23,0.469,1481
0,0.875,1487
1,1.000,1487
2,0.600,1487
3,0.725,1487
4,0.575,1487
5,0.725,1487
6,0.225,1487
7,0.275,1487
8,0.075,1487
9,0.175,1487
10,0.200,1487
11,0.050,1487
12,0.100,1487
13,0.025,1487
14,0.050,1487
15,0.000,1487
16,0.000,1487
17,0.000,1487
18,0.025,1487
19,0.000,1487
20,0.025,1487
21,0.000,1487
22,0.000,1487
23,0.025,1487
0,0.000,1493
1,0.000,1493
2,0.000,1493
3,1.000,1493
4,0.488,1493
5,0.585,1493
6,0.268,1493
7,0.366,1493
8,0.195,1493
9,0.073,1493
10,0.000,1493
11,0.073,1493
12,0.000,1493
13,0.000,1493
14,0.000,1493
15,0.000,1493
16,0.000,1493
17,0.049,1493
18,0.000,1493
19,0.000,1493
20,0.000,1493
21,0.000,1493
22,0.000,1493
23,0.000,1493
0,0.000,1544
1,0.000,1544
2,0.000,1544
3,0.000,1544
4,0.000,1544
5,0.000,1544
6,1.000,1544
7,0.714,1544
8,0.190,1544
9,0.238,1544
10,0.143,1544
11,0.095,1544
12,0.238,1544
13,0.571,1544
14,0.429,1544
15,0.048,1544
16,0.095,1544
17,0.095,1544
18,0.095,1544
19,0.190,1544
20,0.095,1544
21,0.095,1544
22,0.095,1544
23,0.095,1544
0,0.233,1548
1,0.217,1548
2,0.167,1548
3,0.150,1548
4,0.067,1548
5,0.033,1548
6,0.750,1548
7,0.117,1548
8,0.067,1548
9,0.017,1548
10,1.000,1548
11,0.167,1548
12,0.033,1548
13,0.017,1548
14,0.067,1548
15,0.100,1548
16,0.050,1548
17,0.017,1548
18,0.050,1548
19,0.017,1548
20,0.100,1548
21,0.033,1548
22,0.017,1548
23,0.083,1548
0,0.460,1566
1,1.000,1566
2,0.712,1566
3,0.104,1566
4,0.031,1566
5,0.031,1566
6,0.037,1566
7,0.043,1566
8,0.012,1566
9,0.000,1566
10,0.000,1566
11,0.006,1566
12,0.000,1566
13,0.012,1566
14,0.006,1566
15,0.000,1566
16,0.006,1566
17,0.006,1566
18,0.000,1566
19,0.000,1566
20,0.000,1566
21,0.000,1566
22,0.000,1566
23,0.000,1566
0,0.375,1577
1,0.475,1577
2,0.675,1577
3,0.475,1577
4,0.175,1577
5,0.350,1577
6,0.625,1577
7,0.825,1577
8,1.000,1577
9,0.250,1577
10,0.275,1577
11,0.175,1577
12,0.225,1577
13,0.150,1577
14,0.300,1577
15,0.250,1577
16,0.275,1577
17,0.325,1577
18,0.325,1577
19,0.350,1577
20,0.325,1577
21,0.325,1577
22,0.200,1577
23,0.275,1577
0,1.000,1587
1,0.565,1587
2,0.532,1587
3,0.299,1587
4,0.247,1587
5,0.292,1587
6,0.338,1587
7,0.403,1587
8,0.123,1587
9,0.227,1587
10,0.325,1587
11,0.234,1587
12,0.149,1587
13,0.214,1587
14,0.208,1587
15,0.240,1587
16,0.188,1587
17,0.104,1587
18,0.273,1587
19,0.649,1587
20,0.357,1587
21,0.370,1587
22,0.318,1587
23,0.182,1587
0,0.420,1601
1,1.000,1601
2,0.247,1601
3,0.049,1601
4,0.025,1601
5,0.000,1601
6,0.000,1601
7,0.000,1601
8,0.000,1601
9,0.000,1601
10,0.000,1601
11,0.000,1601
12,0.000,1601
13,0.000,1601
14,0.000,1601
15,0.000,1601
16,0.000,1601
0,0.127,1630
1,0.155,1630
2,0.423,1630
3,0.831,1630
4,1.000,1630
5,0.986,1630
6,0.394,1630
7,0.268,1630
8,0.127,1630
9,0.169,1630
10,0.310,1630
11,0.197,1630
12,0.127,1630
13,0.183,1630
14,0.296,1630
15,0.239,1630
16,0.183,1630
17,0.268,1630
18,0.211,1630
19,0.408,1630
20,0.282,1630
21,0.380,1630
22,0.366,1630
23,0.282,1630
0,1.000,1638
1,0.060,1638
2,0.020,1638
3,0.040,1638
4,0.060,1638
5,0.060,1638
6,0.040,1638
7,0.020,1638
8,0.060,1638
9,0.020,1638
10,0.040,1638
11,0.080,1638
12,0.040,1638
13,0.020,1638
14,0.000,1638
15,0.040,1638
16,0.020,1638
17,0.020,1638
18,0.040,1638
19,0.020,1638
20,0.000,1638
21,0.000,1638
22,0.000,1638
23,0.000,1638
0,0.377,1642
1,0.245,1642
2,0.283,1642
3,0.453,1642
4,0.340,1642
5,0.245,1642
6,0.113,1642
7,0.226,1642
8,0.528,1642
9,0.698,1642
10,1.000,1642
11,0.849,1642
12,0.264,1642
13,0.302,1642
14,0.302,1642
15,0.189,1642
16,0.340,1642
17,0.170,1642
18,0.358,1642
19,0.170,1642
20,0.057,1642
21,0.019,1642
22,0.113,1642
23,0.038,1642
0,0.000,1672
1,0.000,1672
2,0.000,1672
3,0.000,1672
4,0.000,1672
5,0.000,1672
6,0.000,1672
7,0.300,1672
8,1.000,1672
9,0.067,1672
10,0.000,1672
11,0.000,1672
12,0.033,1672
13,0.000,1672
14,0.000,1672
15,0.033,1672
16,0.000,1672
17,0.000,1672
18,0.000,1672
19,0.000,1672
20,0.000,1672
21,0.000,1672
22,0.000,1672
23,0.000,1672
0,0.462,1723
1,1.000,1723
2,0.116,1723
3,0.075,1723
4,0.046,1723
5,0.029,1723
6,0.023,1723
7,0.012,1723
8,0.029,1723
9,0.035,1723
10,0.006,1723
11,0.012,1723
12,0.000,1723
13,0.006,1723
14,0.000,1723
15,0.000,1723
16,0.000,1723
17,0.000,1723
18,0.000,1723
19,0.000,1723
20,0.000,1723
21,0.000,1723
22,0.000,1723
23,0.000,1723
0,0.909,1750
1,1.000,1750
2,0.283,1750
3,0.336,1750
4,0.407,1750
5,0.501,1750
6,0.490,1750
7,0.091,1750
8,0.024,1750
9,0.041,1750
10,0.038,1750
11,0.118,1750
12,0.177,1750
13,0.277,1750
14,0.245,1750
15,0.369,1750
16,0.227,1750
17,0.139,1750
18,0.139,1750
19,0.056,1750
20,0.003,1750
21,0.000,1750
22,0.000,1750
23,0.000,1750
0,0.640,1778
1,0.860,1778
2,1.000,1778
3,0.453,1778
4,0.512,1778
5,0.872,1778
6,0.698,1778
7,0.616,1778
8,0.430,1778
9,0.744,1778
10,0.802,1778
11,0.570,1778
12,0.547,1778
13,0.221,1778
14,0.314,1778
15,0.174,1778
16,0.244,1778
17,0.267,1778
18,0.105,1778
19,0.267,1778
20,0.128,1778
21,0.628,1778
22,0.442,1778
23,0.326,1778
0,0.000,1781
1,0.000,1781
2,0.545,1781
3,0.182,1781
4,1.000,1781
5,0.545,1781
6,0.091,1781
7,0.136,1781
8,0.045,1781
9,0.182,1781
10,0.091,1781
11,0.091,1781
12,0.091,1781
13,0.000,1781
14,0.000,1781
15,0.000,1781
16,0.000,1781
17,0.045,1781
18,0.045,1781
19,0.000,1781
20,0.000,1781
21,0.000,1781
22,0.000,1781
23,0.000,1781
0,0.000,1787
1,0.000,1787
2,1.000,1787
3,0.394,1787
4,0.091,1787
5,0.303,1787
6,0.152,1787
7,0.121,1787
8,0.091,1787
9,0.061,1787
10,0.061,1787
11,0.030,1787
12,0.000,1787
13,0.000,1787
14,0.000,1787
15,0.061,1787
16,0.091,1787
17,0.061,1787
18,0.000,1787
19,0.000,1787
20,0.030,1787
21,0.000,1787
22,0.000,1787
23,0.000,1787
0,0.345,1792
1,0.250,1792
2,1.000,1792
3,0.357,1792
4,0.286,1792
5,0.417,1792
6,0.560,1792
7,0.357,1792
8,0.155,1792
9,0.262,1792
10,0.214,1792
11,0.167,1792
12,0.071,1792
13,0.202,1792
14,0.131,1792
15,0.071,1792
16,0.036,1792
17,0.167,1792
18,0.024,1792
19,0.226,1792
20,0.095,1792
21,0.000,1792
22,0.000,1792
23,0.000,1792
0,0.000,1799
1,0.000,1799
2,0.000,1799
3,0.000,1799
4,0.000,1799
5,0.000,1799
6,0.000,1799
7,0.000,1799
8,0.000,1799
9,0.000,1799
10,0.000,1799
11,1.000,1799
12,0.480,1799
13,0.240,1799
14,0.080,1799
15,0.200,1799
16,0.120,1799
17,0.040,1799
18,0.000,1799
19,0.120,1799
20,0.040,1799
21,0.000,1799
22,0.000,1799
23,0.000,1799
0,0.000,1810
1,0.000,1810
2,0.000,1810
3,0.000,1810
4,0.000,1810
5,0.000,1810
6,0.000,1810
7,0.000,1810
8,0.000,1810
9,1.000,1810
10,0.738,1810
11,0.190,1810
12,0.095,1810
13,0.143,1810
14,0.119,1810
15,0.119,1810
16,0.095,1810
17,0.119,1810
18,0.143,1810
19,0.095,1810
20,0.095,1810
21,0.048,1810
22,0.238,1810
23,0.071,1810
0,0.815,1813
1,0.667,1813
2,0.333,1813
3,0.370,1813
4,0.370,1813
5,0.148,1813
6,0.259,1813
7,0.222,1813
8,0.963,1813
9,0.556,1813
10,0.481,1813
11,0.333,1813
12,0.370,1813
13,0.407,1813
14,0.481,1813
15,0.630,1813
16,0.296,1813
17,0.704,1813
18,0.481,1813
19,1.000,1813
20,0.259,1813
21,0.333,1813
22,0.296,1813
23,0.444,1813
0,0.000,1819
1,0.000,1819
2,0.000,1819
3,0.000,1819
4,0.000,1819
5,0.600,1819
6,0.240,1819
7,0.240,1819
8,0.160,1819
9,1.000,1819
10,0.440,1819
11,0.600,1819
12,0.320,1819
13,0.200,1819
14,0.160,1819
15,0.200,1819
16,0.040,1819
17,0.160,1819
18,0.120,1819
19,0.400,1819
20,0.400,1819
21,0.200,1819
22,0.440,1819
23,0.280,1819
0,0.735,1834
1,1.000,1834
2,0.706,1834
3,0.265,1834
4,0.294,1834
5,0.088,1834
6,0.088,1834
7,0.147,1834
8,0.059,1834
9,0.265,1834
10,0.147,1834
11,0.088,1834
12,0.118,1834
13,0.059,1834
14,0.353,1834
15,0.529,1834
16,0.147,1834
17,0.235,1834
18,0.147,1834
19,0.147,1834
20,0.147,1834
21,0.147,1834
22,0.500,1834
23,0.088,1834
0,0.762,1835
1,0.619,1835
2,1.000,1835
3,0.143,1835
4,0.143,1835
5,0.095,1835
6,0.048,1835
7,0.476,1835
8,0.095,1835
9,0.143,1835
10,0.190,1835
11,0.143,1835
12,0.000,1835
13,0.000,1835
14,0.000,1835
15,0.000,1835
16,0.000,1835
17,0.048,1835
18,0.000,1835
19,0.000,1835
20,0.000,1835
21,0.000,1835
22,0.000,1835
23,0.048,1835
0,1.000,1847
1,0.342,1847
2,0.316,1847
3,0.132,1847
4,0.079,1847
5,0.763,1847
6,0.737,1847
7,0.711,1847
8,0.342,1847
9,0.079,1847
10,0.605,1847
11,0.211,1847
12,0.158,1847
13,0.132,1847
14,0.053,1847
15,0.079,1847
16,0.053,1847
17,0.000,1847
18,0.000,1847
19,0.000,1847
20,0.000,1847
21,0.000,1847
22,0.000,1847
23,0.053,1847
0,0.000,1848
1,0.000,1848
2,0.000,1848
3,0.000,1848
4,1.000,1848
5,0.947,1848
6,0.579,1848
7,0.487,1848
8,0.395,1848
9,0.000,1848
10,0.000,1848
11,0.000,1848
12,0.000,1848
13,0.000,1848
14,0.000,1848
15,0.013,1848
16,0.013,1848
17,0.013,1848
18,0.013,1848
19,0.000,1848
20,0.013,1848
21,0.000,1848
22,0.000,1848
23,0.000,1848
0,0.171,1855
1,0.486,1855
2,0.229,1855
3,0.343,1855
4,0.143,1855
5,0.229,1855
6,0.200,1855
7,0.314,1855
8,0.200,1855
9,0.200,1855
10,0.257,1855
11,0.600,1855
12,0.086,1855
13,0.229,1855
14,0.200,1855
15,0.143,1855
16,0.286,1855
17,0.229,1855
18,0.657,1855
19,1.000,1855
20,0.686,1855
21,0.457,1855
22,0.229,1855
23,0.743,1855
0,1.000,1858
1,0.565,1858
2,0.783,1858
3,0.348,1858
4,0.087,1858
5,0.217,1858
6,0.174,1858
7,0.478,1858
8,0.087,1858
9,0.391,1858
10,0.435,1858
11,0.087,1858
12,0.478,1858
13,0.261,1858
14,0.304,1858
15,0.435,1858
16,0.217,1858
17,0.130,1858
18,0.348,1858
19,0.217,1858
20,0.522,1858
21,0.261,1858
22,0.087,1858
23,0.348,1858
0,0.167,1874
1,0.100,1874
2,0.567,1874
3,0.500,1874
4,0.300,1874
5,0.367,1874
6,0.233,1874
7,0.400,1874
8,1.000,1874
9,0.300,1874
10,0.367,1874
11,0.267,1874
12,0.133,1874
13,0.333,1874
14,0.267,1874
15,0.400,1874
16,0.267,1874
17,0.433,1874
18,0.333,1874
19,0.667,1874
20,0.700,1874
21,0.833,1874
22,0.300,1874
23,0.667,1874
0,0.000,1889
1,0.000,1889
2,0.000,1889
3,0.000,1889
4,0.000,1889
5,0.294,1889
6,0.333,1889
7,0.235,1889
8,0.059,1889
9,0.471,1889
10,0.196,1889
11,0.196,1889
12,0.235,1889
13,0.373,1889
14,0.275,1889
15,0.118,1889
16,0.196,1889
17,0.176,1889
18,0.137,1889
19,0.137,1889
20,0.490,1889
21,1.000,1889
22,0.471,1889
23,0.078,1889
0,0.000,1959
1,0.000,1959
2,0.056,1959
3,0.685,1959
4,0.481,1959
5,0.204,1959
6,0.259,1959
7,0.093,1959
8,0.500,1959
9,0.389,1959
10,0.593,1959
11,1.000,1959
12,0.241,1959
13,0.278,1959
14,0.111,1959
15,0.185,1959
16,0.167,1959
17,0.074,1959
18,0.204,1959
19,0.056,1959
20,0.037,1959
21,0.000,1959
22,0.000,1959
23,0.000,1959
0,0.300,1962
1,0.512,1962
2,0.350,1962
3,0.338,1962
4,0.388,1962
5,0.325,1962
6,0.675,1962
7,0.412,1962
8,0.338,1962
9,0.512,1962
10,1.000,1962
11,0.425,1962
12,0.175,1962
13,0.275,1962
14,0.100,1962
15,0.375,1962
16,0.313,1962
17,0.325,1962
18,0.438,1962
19,0.650,1962
20,0.588,1962
21,0.700,1962
22,0.375,1962
23,0.325,1962
0,0.408,1976
1,0.224,1976
2,0.143,1976
3,0.061,1976
4,0.061,1976
5,0.265,1976
6,0.163,1976
7,1.000,1976
8,0.102,1976
9,0.041,1976
10,0.061,1976
11,0.041,1976
12,0.102,1976
13,0.245,1976
14,0.224,1976
15,0.102,1976
16,0.061,1976
17,0.041,1976
18,0.061,1976
19,0.020,1976
20,0.082,1976
21,0.041,1976
22,0.020,1976
23,0.041,1976
0,0.667,1986
1,0.625,1986
2,0.917,1986
3,1.000,1986
4,0.583,1986
5,0.375,1986
6,0.667,1986
7,0.333,1986
8,0.042,1986
9,0.042,1986
10,0.250,1986
11,0.083,1986
12,0.250,1986
13,0.292,1986
14,0.083,1986
15,0.292,1986
16,0.208,1986
17,0.250,1986
18,0.375,1986
19,0.583,1986
20,0.250,1986
21,0.375,1986
22,0.333,1986
23,0.250,1986
0,0.714,1989
1,0.750,1989
2,1.000,1989
3,0.786,1989
4,0.357,1989
5,0.286,1989
6,0.500,1989
7,0.393,1989
8,0.107,1989
9,0.179,1989
10,0.107,1989
11,0.036,1989
12,0.286,1989
13,0.179,1989
14,0.250,1989
15,0.214,1989
16,0.107,1989
17,0.179,1989
18,0.286,1989
19,0.250,1989
20,0.143,1989
21,0.143,1989
22,0.179,1989
23,0.286,1989
0,0.000,2027
1,0.000,2027
2,0.000,2027
3,0.000,2027
4,0.000,2027
5,0.086,2027
6,0.086,2027
7,0.143,2027
8,0.029,2027
9,0.200,2027
10,0.229,2027
11,0.086,2027
12,1.000,2027
13,0.114,2027
14,0.029,2027
15,0.000,2027
16,0.000,2027
17,0.000,2027
18,0.000,2027
19,0.000,2027
20,0.000,2027
21,0.000,2027
22,0.000,2027
23,0.000,2027
0,1.000,2046
1,0.689,2046
2,0.121,2046
3,0.053,2046
4,0.030,2046
5,0.023,2046
6,0.038,2046
7,0.008,2046
8,0.023,2046
9,0.023,2046
10,0.023,2046
11,0.023,2046
12,0.068,2046
13,0.030,2046
14,0.045,2046
15,0.015,2046
16,0.030,2046
17,0.015,2046
18,0.000,2046
19,0.000,2046
20,0.000,2046
21,0.015,2046
22,0.000,2046
23,0.053,2046
0,0.000,2098
1,0.000,2098
2,0.033,2098
3,0.800,2098
4,0.700,2098
5,0.733,2098
6,0.333,2098
7,0.333,2098
8,0.100,2098
9,0.233,2098
10,0.767,2098
11,1.000,2098
12,0.333,2098
13,0.067,2098
14,0.267,2098
15,0.233,2098
16,0.200,2098
17,0.133,2098
18,0.333,2098
19,0.000,2098
20,0.033,2098
21,0.000,2098
22,0.000,2098
23,0.000,2098
0,0.000,2102
1,0.000,2102
2,0.000,2102
3,0.000,2102
4,0.000,2102
5,0.000,2102
6,0.110,2102
7,1.000,2102
8,0.429,2102
9,0.011,2102
10,0.005,2102
11,0.011,2102
12,0.004,2102
13,0.000,2102
14,0.003,2102
15,0.003,2102
16,0.002,2102
17,0.010,2102
18,0.010,2102
19,0.002,2102
20,0.001,2102
21,0.000,2102
22,0.000,2102
23,0.000,2102
0,0.000,2103
1,0.000,2103
2,0.105,2103
3,0.605,2103
4,0.289,2103
5,0.447,2103
6,0.816,2103
7,0.763,2103
8,0.316,2103
9,0.737,2103
10,1.000,2103
11,0.395,2103
12,0.000,2103
13,0.000,2103
14,0.000,2103
15,0.000,2103
16,0.000,2103
17,0.000,2103
18,0.000,2103
19,0.000,2103
20,0.026,2103
21,0.000,2103
22,0.000,2103
23,0.000,2103
0,0.652,2106
1,1.000,2106
2,0.799,2106
3,0.619,2106
4,0.581,2106
5,0.541,2106
6,0.553,2106
7,0.546,2106
8,0.546,2106
9,0.576,2106
10,0.320,2106
11,0.036,2106
12,0.033,2106
13,0.424,2106
14,0.437,2106
15,0.254,2106
16,0.251,2106
17,0.312,2106
18,0.000,2106
19,0.000,2106
20,0.000,2106
21,0.000,2106
22,0.000,2106
23,0.000,2106
0,0.388,2107
1,0.104,2107
2,0.925,2107
3,0.104,2107
4,0.075,2107
5,0.060,2107
6,0.090,2107
7,0.179,2107
8,0.090,2107
9,0.119,2107
10,0.164,2107
11,1.000,2107
12,0.343,2107
13,0.507,2107
14,0.552,2107
15,0.552,2107
16,0.403,2107
17,0.448,2107
18,0.000,2107
19,0.000,2107
20,0.000,2107
21,0.000,2107
22,0.000,2107
23,0.000,2107
0,0.654,2108
1,0.808,2108
2,0.654,2108
3,0.462,2108
4,0.615,2108
5,0.423,2108
6,0.538,2108
7,1.000,2108
8,0.423,2108
9,0.654,2108
10,0.269,2108
11,0.269,2108
12,0.615,2108
13,0.500,2108
14,0.538,2108
15,0.577,2108
16,0.462,2108
17,0.654,2108
18,0.000,2108
19,0.000,2108
20,0.000,2108
21,0.000,2108
22,0.000,2108
23,0.000,2108
0,1.000,2109
1,0.333,2109
2,0.524,2109
3,0.286,2109
4,0.714,2109
5,0.286,2109
6,0.381,2109
7,0.429,2109
8,0.095,2109
9,0.905,2109
10,0.381,2109
11,0.095,2109
12,0.143,2109
13,0.714,2109
14,0.286,2109
15,0.238,2109
16,0.238,2109
17,0.286,2109
18,0.000,2109
19,0.000,2109
20,0.000,2109
21,0.000,2109
22,0.000,2109
23,0.000,2109
0,0.000,2110
1,0.000,2110
2,0.000,2110
3,0.000,2110
4,1.000,2110
5,0.565,2110
6,0.609,2110
7,0.217,2110
8,0.391,2110
9,0.609,2110
10,0.391,2110
11,0.130,2110
12,0.304,2110
13,0.261,2110
14,0.261,2110
15,0.174,2110
16,0.261,2110
17,0.174,2110
18,0.000,2110
19,0.000,2110
20,0.000,2110
21,0.000,2110
22,0.000,2110
23,0.000,2110
0,0.000,2118
1,0.000,2118
2,0.000,2118
3,0.000,2118
4,0.000,2118
5,0.000,2118
6,0.219,2118
7,1.000,2118
8,0.368,2118
9,0.018,2118
10,0.035,2118
11,0.035,2118
12,0.000,2118
13,0.000,2118
14,0.000,2118
15,0.035,2118
16,0.009,2118
17,0.018,2118
18,0.000,2118
19,0.000,2118
20,0.000,2118
21,0.000,2118
22,0.000,2118
23,0.000,2118
0,1.000,2120
1,0.591,2120
2,0.199,2120
3,0.160,2120
4,0.348,2120
5,0.370,2120
6,0.729,2120
7,0.309,2120
8,0.110,2120
9,0.094,2120
10,0.039,2120
11,0.304,2120
12,0.370,2120
13,0.260,2120
14,0.254,2120
15,0.149,2120
16,0.055,2120
17,0.011,2120
18,0.000,2120
19,0.000,2120
20,0.000,2120
21,0.000,2120
22,0.000,2120
23,0.000,2120
0,0.000,2144
1,0.000,2144
2,0.174,2144
3,0.478,2144
4,0.739,2144
5,0.435,2144
6,0.652,2144
7,0.913,2144
8,0.391,2144
9,0.261,2144
10,0.304,2144
11,0.130,2144
12,0.739,2144
13,1.000,2144
14,0.043,2144
15,0.000,2144
16,0.000,2144
17,0.000,2144
18,0.000,2144
19,0.000,2144
20,0.000,2144
21,0.000,2144
22,0.000,2144
23,0.000,2144
0,1.000,2147
1,0.522,2147
2,0.391,2147
3,0.000,2147
4,0.000,2147
5,0.000,2147
6,0.000,2147
7,0.000,2147
8,0.000,2147
9,0.000,2147
10,0.000,2147
11,0.000,2147
12,0.348,2147
13,0.087,2147
14,0.043,2147
15,0.000,2147
16,0.000,2147
17,0.000,2147
18,0.000,2147
19,0.000,2147
20,0.000,2147
21,0.000,2147
22,0.000,2147
23,0.000,2147
0,0.000,2152
1,0.000,2152
2,0.000,2152
3,0.000,2152
4,0.000,2152
5,0.000,2152
6,0.000,2152
7,0.000,2152
8,0.000,2152
9,0.000,2152
10,0.000,2152
11,1.000,2152
12,0.000,2152
13,0.000,2152
14,0.000,2152
15,0.000,2152
16,0.000,2152
17,0.000,2152
18,0.000,2152
19,0.000,2152
20,0.000,2152
21,0.000,2152
22,0.000,2152
23,0.000,2152
0,0.000,2155
1,0.000,2155
2,0.618,2155
3,1.000,2155
4,0.882,2155
5,0.471,2155
6,0.588,2155
7,0.588,2155
8,0.206,2155
9,0.294,2155
10,0.382,2155
11,0.412,2155
12,0.000,2155
13,0.000,2155
14,0.000,2155
15,0.000,2155
16,0.000,2155
17,0.000,2155
18,0.000,2155
19,0.000,2155
20,0.000,2155
21,0.000,2155
22,0.000,2155
23,0.000,2155
0,0.000,2156
1,0.000,2156
2,0.361,2156
3,0.944,2156
4,0.722,2156
5,0.444,2156
6,0.389,2156
7,1.000,2156
8,0.611,2156
9,0.417,2156
10,0.500,2156
11,0.444,2156
12,0.000,2156
13,0.000,2156
14,0.000,2156
15,0.000,2156
16,0.000,2156
17,0.000,2156
18,0.000,2156
19,0.000,2156
20,0.000,2156
21,0.000,2156
22,0.000,2156
23,0.000,2156
0,0.000,2157
1,0.000,2157
2,0.585,2157
3,0.805,2157
4,1.000,2157
5,0.415,2157
6,0.512,2157
7,0.732,2157
8,0.293,2157
9,0.585,2157
10,0.488,2157
11,0.341,2157
12,0.000,2157
13,0.000,2157
14,0.000,2157
15,0.000,2157
16,0.000,2157
17,0.000,2157
18,0.000,2157
19,0.000,2157
20,0.000,2157
21,0.000,2157
22,0.000,2157
23,0.000,2157
0,0.000,2163
1,0.000,2163
2,0.000,2163
3,0.000,2163
4,0.000,2163
5,1.000,2163
6,0.442,2163
7,0.060,2163
8,0.014,2163
9,0.060,2163
10,0.037,2163
11,0.041,2163
12,0.000,2163
13,0.000,2163
14,0.000,2163
15,0.000,2163
16,0.000,2163
17,0.000,2163
18,0.000,2163
19,0.000,2163
20,0.000,2163
21,0.000,2163
22,0.000,2163
23,0.000,2163
0,0.000,2165
1,0.000,2165
2,1.000,2165
3,0.742,2165
4,0.774,2165
5,0.323,2165
6,0.516,2165
7,0.161,2165
8,0.194,2165
9,0.161,2165
10,0.097,2165
11,0.194,2165
12,0.000,2165
13,0.000,2165
14,0.000,2165
15,0.000,2165
16,0.000,2165
17,0.000,2165
18,0.000,2165
19,0.000,2165
20,0.000,2165
21,0.000,2165
22,0.000,2165
23,0.000,2165
0,0.000,2181
1,0.000,2181
2,1.000,2181
3,0.619,2181
4,0.619,2181
5,0.333,2181
6,0.190,2181
7,0.429,2181
8,0.238,2181
9,0.429,2181
10,0.429,2181
11,0.190,2181
12,0.000,2181
13,0.000,2181
14,0.000,2181
15,0.000,2181
16,0.000,2181
17,0.000,2181
18,0.000,2181
19,0.000,2181
20,0.000,2181
21,0.000,2181
22,0.000,2181
23,0.000,2181
0,0.000,2182
1,0.000,2182
2,0.000,2182
3,0.000,2182
4,0.000,2182
5,1.000,2182
6,0.000,2182
7,0.000,2182
8,0.000,2182
9,0.009,2182
10,0.006,2182
11,0.009,2182
12,0.000,2182
13,0.000,2182
14,0.000,2182
15,0.000,2182
16,0.000,2182
17,0.000,2182
18,0.000,2182
19,0.000,2182
20,0.000,2182
21,0.000,2182
22,0.000,2182
23,0.000,2182
0,0.000,2184
1,0.000,2184
2,0.286,2184
3,1.000,2184
4,0.571,2184
5,0.190,2184
6,0.190,2184
7,0.190,2184
8,0.286,2184
9,0.286,2184
10,0.238,2184
11,0.238,2184
12,0.000,2184
13,0.000,2184
14,0.000,2184
15,0.000,2184
16,0.000,2184
17,0.000,2184
18,0.000,2184
19,0.000,2184
20,0.000,2184
21,0.000,2184
22,0.000,2184
23,0.000,2184
0,0.000,2188
1,0.000,2188
2,0.071,2188
3,0.357,2188
4,0.643,2188
5,0.464,2188
6,1.000,2188
7,0.750,2188
8,0.429,2188
9,0.250,2188
10,0.107,2188
11,0.143,2188
12,0.000,2188
13,0.000,2188
14,0.000,2188
15,0.000,2188
16,0.000,2188
17,0.000,2188
18,0.000,2188
19,0.000,2188
20,0.000,2188
21,0.000,2188
22,0.000,2188
23,0.000,2188
0,0.763,2197
1,0.605,2197
2,1.000,2197
3,0.316,2197
4,0.079,2197
5,0.211,2197
6,0.289,2197
7,0.289,2197
8,0.158,2197
9,0.184,2197
10,0.132,2197
11,0.079,2197
12,0.000,2197
13,0.000,2197
14,0.000,2197
15,0.000,2197
16,0.000,2197
17,0.000,2197
18,0.000,2197
19,0.000,2197
20,0.000,2197
21,0.000,2197
22,0.000,2197
23,0.000,2197
0,0.294,2199
1,0.216,2199
2,0.235,2199
3,0.137,2199
4,0.412,2199
5,1.000,2199
6,0.059,2199
7,0.118,2199
8,0.059,2199
9,0.020,2199
10,0.039,2199
11,0.059,2199
12,0.000,2199
13,0.000,2199
14,0.000,2199
15,0.000,2199
16,0.000,2199
17,0.000,2199
18,0.000,2199
19,0.000,2199
20,0.000,2199
21,0.000,2199
22,0.000,2199
23,0.000,2199
0,1.000,2207
1,0.543,2207
2,0.657,2207
3,0.543,2207
4,0.171,2207
5,0.171,2207
6,0.000,2207
7,0.229,2207
8,0.114,2207
9,0.086,2207
10,0.086,2207
11,0.057,2207
12,0.000,2207
13,0.000,2207
14,0.000,2207
15,0.000,2207
16,0.000,2207
17,0.000,2207
18,0.000,2207
19,0.000,2207
20,0.000,2207
21,0.000,2207
22,0.000,2207
23,0.000,2207
0,0.000,2210
1,0.000,2210
2,0.000,2210
3,0.000,2210
4,0.000,2210
5,1.000,2210
6,0.000,2210
7,0.000,2210
8,0.000,2210
9,0.021,2210
10,0.004,2210
11,0.007,2210
12,0.000,2210
13,0.000,2210
14,0.000,2210
15,0.000,2210
16,0.000,2210
17,0.000,2210
18,0.000,2210
19,0.000,2210
20,0.000,2210
21,0.000,2210
22,0.000,2210
23,0.000,2210
0,0.000,2213
1,0.000,2213
2,0.000,2213
3,0.000,2213
4,0.000,2213
5,0.333,2213
6,1.000,2213
7,0.733,2213
8,0.333,2213
9,0.044,2213
10,0.044,2213
11,0.044,2213
12,0.000,2213
13,0.000,2213
14,0.000,2213
15,0.000,2213
16,0.000,2213
17,0.000,2213
18,0.000,2213
19,0.000,2213
20,0.000,2213
21,0.000,2213
22,0.000,2213
23,0.000,2213
0,0.000,2217
1,0.000,2217
2,0.000,2217
3,0.000,2217
4,0.000,2217
5,1.000,2217
6,0.228,2217
7,0.074,2217
8,0.011,2217
9,0.011,2217
10,0.026,2217
11,0.011,2217
12,0.000,2217
13,0.000,2217
14,0.000,2217
15,0.000,2217
16,0.000,2217
17,0.000,2217
18,0.000,2217
19,0.000,2217
20,0.000,2217
21,0.000,2217
22,0.000,2217
23,0.000,2217
0,0.000,2237
1,0.000,2237
2,0.000,2237
3,0.000,2237
4,0.000,2237
5,0.000,2237
6,1.000,2237
7,0.516,2237
8,0.032,2237
9,0.000,2237
10,0.032,2237
11,0.032,2237
12,0.000,2237
13,0.000,2237
14,0.000,2237
15,0.000,2237
16,0.000,2237
17,0.000,2237
18,0.000,2237
19,0.000,2237
20,0.000,2237
21,0.000,2237
22,0.000,2237
23,0.000,2237
0,0.000,2246
1,0.000,2246
2,0.000,2246
3,1.000,2246
4,0.870,2246
5,0.696,2246
6,0.522,2246
7,0.652,2246
8,0.304,2246
9,0.000,2246
10,0.000,2246
11,0.000,2246
12,0.000,2246
13,0.000,2246
14,0.000,2246
15,0.000,2246
16,0.000,2246
17,0.000,2246
18,0.000,2246
19,0.000,2246
20,0.000,2246
21,0.000,2246
22,0.000,2246
23,0.000,2246
0,0.840,2250
1,0.720,2250
2,1.000,2250
3,0.240,2250
4,0.200,2250
5,0.160,2250
6,0.640,2250
7,0.200,2250
8,0.200,2250
9,0.000,2250
10,0.000,2250
11,0.000,2250
12,0.000,2250
13,0.000,2250
14,0.000,2250
15,0.000,2250
16,0.000,2250
17,0.000,2250
18,0.000,2250
19,0.000,2250
20,0.000,2250
21,0.000,2250
22,0.000,2250
23,0.000,2250
0,0.000,2252
1,0.000,2252
2,1.000,2252
3,0.104,2252
4,0.354,2252
5,0.083,2252
6,0.188,2252
7,0.167,2252
8,0.083,2252
9,0.000,2252
10,0.000,2252
11,0.000,2252
12,0.000,2252
13,0.000,2252
14,0.000,2252
15,0.000,2252
16,0.000,2252
17,0.000,2252
18,0.000,2252
19,0.000,2252
20,0.000,2252
21,0.000,2252
22,0.000,2252
23,0.000,2252
0,0.000,2258
1,0.000,2258
2,0.000,2258
3,0.000,2258
4,0.000,2258
5,0.000,2258
6,0.000,2258
7,1.000,2258
8,0.023,2258
9,0.000,2258
10,0.000,2258
11,0.000,2258
12,0.000,2258
13,0.000,2258
14,0.000,2258
15,0.000,2258
16,0.000,2258
17,0.000,2258
18,0.000,2258
19,0.000,2258
20,0.000,2258
21,0.000,2258
22,0.000,2258
23,0.000,2258
0,0.000,2274
1,0.000,2274
2,1.000,2274
3,0.000,2274
4,0.000,2274
5,0.000,2274
6,0.000,2274
7,0.000,2274
8,0.000,2274
9,0.000,2274
10,0.000,2274
11,0.000,2274
12,0.000,2274
13,0.000,2274
14,0.000,2274
15,0.000,2274
16,0.000,2274
17,0.000,2274
18,0.000,2274
19,0.000,2274
20,0.000,2274
21,0.000,2274
22,0.000,2274
23,0.000,2274